id,date,news
1953026,12/31/2020,【12月31日《新闻联播》主要内容】今天《新闻联播》主要内容有：1、国家主席习近平发表二〇二一年新年贺词；2、央视快评：继续奋斗 创造更加灿烂的辉煌——2021年新年献词；3、全国政协举行新年茶话会 习近平发表重要讲话；4、习近平同德国 法国 欧盟领导人举行视频会晤 中欧领导人共同宣布如期完成中欧投资协定谈判；5、中俄两国元首互致新年贺电 中俄两国总理互致新年贺电；6、人民日报评论员文章：胸怀两个大局 做好“三农”工作——论学习贯彻中央农村工作会议精神；7、央视快评：推动新发展阶段改革取得更大突破；9、中央组织部从代中央管理党费中划拨1.97亿元用于元旦春节期间走访慰问生活困难党员、老党员、老干部；10、中欧投资协定是平衡 高水平 互利共赢的协定；11、我国首支新冠病毒疫苗获批附条件上市；12、假日临近 各地强化措施防控疫情；13、国家卫生健康委通报最新疫情；14、中央广播电视总台精彩节目陪您欢度元旦。
1952874,12/31/2020,【机构抱团行业龙头股全年涨幅一览】2020年机构抱团白酒、锂电池、医疗、光伏等板块，相关行业龙头股暴涨。隆基股份全年累涨277%，宁德时代全年累涨230%，白酒三巨头贵州茅台、五粮液、泸州老窖全年分别涨71%、123%、166%。
1945495,12/26/2020,【券商推荐的2021年十大行业十大“金”股出炉】梳理51家券商988份2021年行业策略报告，发现券商共推荐了1097家公司3959次，推荐个股涉及申万全部28类一级行业。据此统计，被券商推荐个股数行业占比居前十的申万一级行业分别是：食品饮料、银行、农林牧渔、电子、计算机、建筑材料、交通运输、钢铁、医药生物、传媒，行业荐股率均超30%。十大“金”股分别是：五粮液、贵州茅台、迈瑞医疗、用友网络、宝信软件、完美世界、招商银行、福莱特、立讯精密、春秋航空。十大行业中农林牧渔和钢铁行业的股票因排名居最后而无缘2021年十大“金”股之列。食品饮料排名第一。（证券日报）
1945489,12/26/2020,  【证券时报：警惕白酒股炒作效应外溢】诚如五粮液集团董事长李曙光所言，“白酒行业作为永恒的朝阳产业，长期不缺酒但长期缺好酒，优势产区、优势企业、优势品牌将分享结构性繁荣的机遇。”热炒过后，股价高涨，需要业绩支撑才行。目前，有多少家白酒股业绩增长预期能支撑这么高的股价？当然，促使白酒股上涨的主要原因还有很多，其中情绪很重要，而且机构们在二级市场追逐确定性。若这一趋势延续，白酒神话继续，若趋势扭转，白酒或许会掉头。
1945482,12/26/2020,【证券时报评论：警惕白酒股炒作效应外溢】诚如五粮液集团董事长李曙光所言，“白酒行业作为永恒的朝阳产业，长期不缺酒但长期缺好酒，优势产区、优势企业、优势品牌将分享结构性繁荣的机遇。”热炒过后，股价高涨，需要业绩支撑才行。目前，有多少家白酒股业绩增长预期能支撑这么高的股价？当然，促使白酒股上涨的主要原因还有很多，其中情绪很重要，而且机构们在二级市场追逐确定性。若这一趋势延续，白酒神话继续，若趋势扭转，白酒或许会掉头。
1942892,12/24/2020,【盘中突破1900元关口“飞天”茅台再攀新高】12月23日早盘，贵州茅台股价成功突破1900元关口，一度上探至1906元，再度创下新高。截至收盘时，贵州茅台市值逼近2.4万亿，白酒行业市值第二的五粮液市值约1.1万亿，不及贵州茅台一半。“十四五”期间，贵州省表示力争将茅台打造成省内首家世界500强企业。对此，长城证券指出，2020年入围门槛是营收253.85亿美元。茅台今年营收预测在975亿人民币，按汇率6.5算，是150亿美元。世界500强入围门槛按2%增速计算，五年后是280亿美元，意味着茅台未来五年营收的年均复合增长率要超过13.3%。（经参）
1942339,12/23/2020,【元隆雅图：与五粮液签订经销协议书】元隆雅图(002878)12月23日晚公告，公司与五粮液签订《“五粮液.八方来和”系列酒的经销协议书》、《五粮液（第八代）合同书》、《五粮液经销商市场服务框架协议》，“五粮液.八方来和”系列酒为五粮液公司打造的故宫联名款文化IP酒，与五粮液公司签订本合同是公司实施IP战略的重大举措和进展。该合同顺利履行预计对公司未来年度经营业绩产生积极的影响。
1942152,12/23/2020,【五粮液现溢价大宗交易 机构买入2.79亿元】五粮液(000858)今日收跌1.45%，报278.29元。盘后数据显示，该股当日出现1笔大宗交易，成交价格均为282.38元\/股，较收盘价溢价约1.47%，总成交金额2.79亿元。买方为机构专用席位，卖方为申万宏源上海第二分公司。
1939995,12/22/2020,【贵州茅台、五粮液今日同创历史新高】12月22日早盘，贵州茅台涨约1.8％，盘中股价最高超1875元，再度突破历史新高。五粮液今日盘中同创历史新高，盘中最高价报288元。此外，泸州老窖、洋河股份、ST舍得等白酒股今日也创历史新高。
1939923,12/22/2020,白酒板块盘初全线走强，五粮液、泸州老窖再创新高，顺鑫农业、ST舍得均涨逾4%，酒鬼酒涨近4%。
1939051,12/21/2020,【北上资金净流入78.61亿 隆基股份净买入7.54亿】北上资金今日净流入78.61亿。隆基股份净买入7.54亿，京东方Ａ净买入6.10亿，北方华创净买入5.98亿，五粮液净买入4.69亿。
1935484,12/18/2020,【李曙光：五粮液未来发展的三大关键词是创新、转型、跨越】12月18日，五粮液召开第二十四届1218共商共建共享大会，本届大会主题为“育新机·开新局·谱写新华章”。五粮液集团党委书记、董事长李曙光强调，五粮液未来发展的三大关键词是创新、转型、跨越。创新是企业发展的不竭动力，要坚定品质优先，在品牌建设上实现大突破，坚持传统与创新相结合；转型是企业适应市场、提升竞争力的重要路径，要加快推进数字化建设，加快建设适应市场经济的现代企业制度，重塑集团总部职能，实现管资产向管资本的全面转型；跨越是企业寻求突破、追求更高层次发展的大步迈进，要加快建设一大批既利当前又奠基长远的重大项目，加快建设行业领先的科技研发平台，加快建设生态优先、绿色发展的国际一流产业园区。（中证网）
1935474,12/18/2020,【五粮液：2020年实现了五个“稳步增长”和六个“持续提升”】12月18日，五粮液召开第二十四届1218共商共建共享大会，本届大会主题为“育新机·开新局·谱写新华章”。五粮液集团公司总经理、股份公司董事长曾从钦表示，五粮液在2020年实现了五个“稳步增长”，即产品价格、渠道利润、经营业绩、品牌价值、公司市值稳步增长；六个“持续提升”，即市场应变力、品质支撑力、品牌影响力、产品竞争力、市场管控力、营销服务力六项能力持续提升。（中证网）
1934945,12/18/2020,【五粮液李曙光：取得疫情防控、企业发展双胜利】五粮液“第二十四届1218共商共建共享大会”上，五粮液集团党委书记、董事长李曙光表示，五粮液取得了疫情防控、企业发展双胜利，截至目前，五粮液全国系统没有发生一例疫情，销售规模继续保持两位数以上的优势增长。五粮液已形成方向性、格局性的基本态势，蓄势而发的势头良好。李曙光认为，白酒行业作为永恒朝阳产业，长期不缺酒，但长期缺好酒。未来，优势产区、优势企业、优势品牌将分享结构性繁荣机会。
1934943,12/18/2020,  五粮液集团董事长李曙光：明年将继续强化产品体系的完善，以战略性高端大单品经典五粮液为代表的经典系列是产品体系中的核心系列，是实现高质量市场份额提升的中心所在；同时还将继续完善渠道体系建设，巩固传统渠道，开发团购渠道，持续提升渠道盈利能力。
1933257,12/17/2020,  【中信建投：坚定看好头部白酒龙头 继续推荐五粮液等】中信建投指出，白酒板块自复苏以来向名酒集中、高端酒需求高涨及周期性削弱、地产酒巩固属地优势并加强向外扩张等；另外，啤酒板块发展拐点明确，新阶段增长逻辑愈加清晰，对未来的预期稳健兑现且不时显现出超预期的可能性。
1929984,12/14/2020,【北上资金净流入2.23亿 五粮液净买入5.13亿】北上资金今日净流入2.23亿。五粮液、洛阳钼业、恒瑞医药、招商银行净买入居前，分别获净买入5.13亿元、2.53亿元、2.09亿元、1.78亿元。
1920929,12/7/2020,【今日财经TOP10】①延迟退休板上钉钉 专家：男女延至同龄为好；②增速提速！我国前11个月外贸进出口同比增长1.8%；③11月末我国外储为31785亿美元 较10月上升505亿美元；④在大城市买房的年轻人：坐拥百万资产，却没钱聚餐；⑤北京一人名下最多一个小客车指标 怎么改？权威解答来了；⑥贾跃亭再成被执行人：执行标的5.33亿元；⑦辛巴带货假燕窝后续：部分消费者暂未获赔 涉事公司股权变动；⑧起底沃森生物“黑历史”：里面只有因果 还没见报应；⑨五粮液打不过茅台，向“老乡”挥刀？⑩优衣库全球第二大门店即将落幕：韩国人抵制太凶猛 又遭新冠打击。
1920659,12/7/2020,  【五粮液集团前十月营收过千亿 利润总额同比增长12.5%】记者从2020中国国际名酒博览会新闻发布会上获悉，五粮液集团公司2020年1-10月销售收入过千亿，同比增长12.4%，利润总额同比增长12.5%，销售、利润双双实现双位数增长。
1910542,11/30/2020,北上资金今日净买入东方财富11.89亿元、京东方Ａ9.59亿元，净卖出五粮液5.56亿元、贵州茅台4.79亿元。
1907609,11/27/2020,【今日财经TOP10】①国务院督查组：0.48元\/度的电 物业加到1.2元卖给商户；②延迟退休方案已趋于成熟：2021年将成为最佳时间窗口；③外交部回应外媒两问澳大利亚葡萄酒反倾销措施；④历史性时刻：再见了 P2P！网贷机构已完全归零；⑤那些负债的年轻人：中国90后中有6500万开通了花呗；⑥任正非：荣耀要做华为最强对手，分手后别藕断丝连；⑦五粮液强迫经销商二选一？回应来了；⑧湖北啤酒大王金龙泉啤酒创始人李大红病危 已脑死亡15日；⑨京东单方面辞退38岁P7员工劳动仲裁败诉 员工复岗又收解聘通知；⑩徐翔出狱倒计时 其妻子应莹称离婚这条路还会走下去。
1906919,11/27/2020,五粮液公告，本公司董事兼总经理陈林女士因达到法定退休年龄退休，申请辞去公司董事会董事、总经理、总工程师职务。
1905646,11/26/2020,北上资金今日净买入万华化学3.89亿元、美的集团3.83亿元，净卖出贵州茅台4.33亿元、五粮液4.11亿元。
1905527,11/26/2020,【五粮液集团将成为宜宾商业银行第一大股东，持股19.99%】11月23日，四川银保监会《关于核准四川省宜宾五粮液集团有限公司宜宾市商业银行股份有限公司股东资格的批复》显示，同意五粮液集团增持宜宾商业银行1.52亿股股份，同意五粮液集团受让宜宾商业银行2.30亿股股份。增持和受让后，五粮液集团合计持有宜宾商业银行股份5.64亿股，占宜宾商业银行本次增资扩股完成后总股本的19.99%。（澎湃）
1905302,11/26/2020,  白酒股快速回落，五粮液短线跳水跌幅扩大至3%，酒鬼酒、青青稞酒、山西汾酒均跌超3%。
1904464,11/25/2020,【北上资金净流出15.69亿 五粮液净卖出8.40亿】北上资金今日净流出15.69亿。五粮液净卖出8.40亿，贵州茅台净卖出8.35亿，洋河股份净卖出7.17亿，迈瑞医疗净卖出2.55亿。
1900009,11/21/2020,【北上资金连续净买入“茅五洋”再遭减持】本周，北上资金净买入55.11亿元，连续第3周净买入。白酒股继上周被大幅净卖出后，本周再度被净卖出合计约24亿元。但板块内部也出现分化，迎驾贡酒、伊力特、老白干酒、口子窖、古井贡酒获净买入。而一线白酒龙头贵州茅台、五粮液、洋河股份本周继续遭到北上资金的减持，分别净卖出10.39亿元、6.99亿元、5.55亿元。顺鑫农业、山西汾酒也被净卖出超亿元，泸州老窖、酒鬼酒被净卖出超5000万元。
1896283,11/18/2020,  机构抱团股普跌，药明康德逼近跌停，晨光文具跌近6%，爱尔眼科跌5%，泸州老窖跌近3.6%，五粮液跌2.6%，格力电器跌2.5%，迈瑞医疗跌2%。
1844737,9/30/2020,【今日财经TOP10】①外交部称中方会把疫苗作为全球公共产品 中国说到做到；②9月中国制造业PMI为51.5% 比上月上升0.5个百分点；③2.7万亿结构性存款搬家 银行负债端压力或影响流动性；④双节将至猪价走势如何？业内：后期或呈下行态势；⑤名酒降价潮调查：茅台五粮液老窖诡异降价背后；⑥厉家菜被大V吐槽上热搜 老字号们凭啥敢这么刚？⑦黄晓明花3600万从13岁房主手中买豪宅 至今无法过户；⑧疫情重创主题乐园业务 迪士尼将裁员2.8万人；⑨恒大的朋友圈：863亿战投力挺恒大 图解各自出资金额；⑩“苹果税”之后谷歌挥动收割镰刀 30%的“安卓税”来了。
1844562,9/30/2020,【北上资金净流出29.04亿 通威股份净卖出3.33亿】北上资金今日净流出29.04亿。通威股份、立讯精密、五粮液、中国平安净卖出居前，分别获净卖出3.33亿元、2.71亿元、2.09亿元、1.85亿元。
1842989,9/29/2020,【中金：重点关注泸州老窖等高端白酒股 中秋国庆双节高端白酒价格提升】中金报告表示，四季度建议重点关注泸州老窖、 贵州茅台、五粮液等高端白酒板块等，白酒需求已基本恢复正常，品牌集中及香型分化的趋势没有改变，价格提升尤为明显。根据调研看，预计高端酒传统经销渠道销量有个位数以上增长，价格表现明显好于去年同期。预计次高端增长将继续呈现季度环比提速的趋势，品牌之间有分化。中金指出，短期存在秋糖、年底经销商大会、十四五规划等事件催化，且明年春节有低基数、时点延后、以及开门红效应，继续看好板块表现。
1842085,9/28/2020,白酒板块走强，泸州老窖大涨4%，酒鬼酒、水井坊、五粮液、今世缘等跟涨。
1839302,9/25/2020,【北上资金净流出12.92亿 贵州茅台净卖出6.98亿】北上资金今日净流出12.92亿。贵州茅台净卖出6.98亿，药明康德净卖出4.19亿，五粮液净卖出3.98亿，中国平安净卖出3.94亿。
1838933,9/25/2020,  【中信证券：上调五粮液目标价至260元】中信证券研报指出，2020年疫情下五粮液改革执行力不减反增，实现了在品牌、产品、渠道等多方面的明显突破。看短，旺季增长乐观，全年五粮液实现双位数增长确定性强。看长，“十三五”卓有成效，“十四五”望持续发力，未来公司将持续受益改革红利，释放强大品牌势能，实现高确定性健康成长。上调目标价至260元，维持“买入”评级。
1836702,9/23/2020,【北上资金净流出27.53亿 五粮液净卖出6.00亿】北上资金今日净流出27.53亿。五粮液、贵州茅台、长春高新、比亚迪净卖出居前，分别获净卖出6.00亿元、5.67亿元、5.05亿元、3.02亿元。
1836336,9/23/2020,白酒股开盘全线下跌，白酒指数低开1.72%。其中，ST舍得跌停，水井坊跌超3%，五粮液、泸州老窖、山西汾酒和酒鬼酒跌超2%，茅台跌1.84%，仅伊力特高开0.48%。
1836303,9/23/2020,【Jefferies：中秋节期间茅台等料增加供应稳定价格】投行Jefferies称，中秋节期间，茅台和五粮液可能会增加供应来稳定市场价格，短期对中高端白酒品牌更加谨慎。如果贵州茅台和五粮液价格回落，中高端的白酒需求可能会转向高端白酒，加剧竞争。白酒板块的高估值已经反映了过去3年一次性的改革红利，同时低估了市场竞争和行业增速放缓带来的潜在风险，特别是中高端白酒品牌。此前中纪委网站刊文称，警惕高端白酒涨价助推公款吃喝等不正之风。
1835884,9/22/2020,【今日财经TOP10】①中纪委点名茅台五粮液节前涨价：防四风问题反弹回潮；②市场监管总局出手！对瑞幸咖啡等45家公司罚款6100万元；③二三线城市房贷现收紧迹象 部分银行直接按了“暂停键”；④小县城“大骗局”！银行职工是这样骗走4000多万的；⑤详解医保个人账户改革：个账资金不属于个人？⑥英特尔：已获得向华为供货许可；⑦ 阿里文娱“大”错了？⑧海南离岛免税品无限购谜团：20元一账号 10万额度成摆设；⑨雪松控股否认长青系列42产品风控“裸奔”：引用数据失实；⑩澳驻美大使声称：澳准备承担“抵抗中国”的经济代价。
1835540,9/22/2020,【中纪委发表文章：警惕高端白酒涨价引发不正之风回潮】中央纪委国家监委网站消息，临近中秋、国庆双节，以茅台、五粮液等为代表的国内高端白酒涨价、提价的消息不断，多款白酒产品的价格冲上历史高点。舆论担忧，高端白酒价格持续走高，会超越正常人情往来和宴请需求，助推公款吃喝、违规收送节礼等不正之风回潮。中国廉政法制研究会副会长邓联荣表示，一方面，酒企要回归市场理性，用优质产品吸引用户，维持市场健康发展；另一方面，应继续对党员领导干部违规违纪行为加大监督查处和通报曝光力度，不断巩固拓展作风建设成效，防止隐形变异‘四风’问题反弹回潮。
1835468,9/22/2020,【五粮液：有信心完成年初制定的营收两位数增长目标】五粮液近期在分析师会议上表示，疫情对酒业行业短期带来一定影响，但不会出现周期性的变化；酒业行业向优势品牌集中、向优势产能集中、向优势产区集中的大趋势不会改变。新形势下，公司积极采取一系列应对措施，有信心完成年初制定的营收两位数增长目标。（第一财经）
1834082,9/21/2020,【北上资金净流出64.96亿 贵州茅台净卖出5.14亿】北上资金今日净流出64.96亿。贵州茅台净卖出5.14亿，五粮液净卖出3.80亿，沃森生物净卖出3.72亿，中国平安净卖出3.13亿。
1828795,9/17/2020,【北上资金净流入4.39亿 宁德时代净买入3.96亿】北上资金今日净流入4.39亿。宁德时代净买入3.96亿，东方财富净买入2.85亿，五粮液净买入2.72亿，伊利股份净买入2.63亿。
1827522,9/16/2020,【北上资金净流入7.42亿 宁德时代净买入2.97亿】北上资金今日净流入7.42亿。宁德时代、中国平安、五粮液、比亚迪净买入居前，分别获净买入2.97亿元、2.87亿元、2.26亿元、1.99亿元。
1827321,9/16/2020,  白酒板块跌幅扩大，贵州茅台、五粮液均跌超2%，古井贡酒跌超3%。
1825463,9/14/2020,【北上资金净流出31.43亿 五粮液净卖出4.35亿】北上资金今日净流出31.43亿。五粮液净卖出4.35亿，贵州茅台净卖出3.29亿，伊利股份净卖出3.20亿，歌尔股份净卖出2.93亿。
1819787,9/8/2020,【北上资金净流入63.51亿 五粮液净买入10.89亿】北上资金今日净流入63.51亿。五粮液、牧原股份、兴业银行、贵州茅台净买入居前，分别获净买入10.89亿元、4.54亿元、4.29亿元、3.88亿元。
1815986,9/4/2020,【北上资金净流出63.18亿 五粮液净卖出10.78亿】北上资金今日净流出63.18亿。五粮液净卖出10.78亿，中国中免净卖出6.14亿，中国平安净卖出5.10亿，招商银行净卖出3.43亿。
1815595,9/4/2020,白酒板块单边下行，金徽酒跌4%，今世缘、山西汾酒、酒鬼酒、五粮液跟跌。
1813622,9/2/2020,【北上资金净流出66.14亿 京东方Ａ净卖出6.23亿】北上资金今日净流出66.14亿。京东方Ａ净卖出6.23亿，贵州茅台净卖出5.34亿，五粮液净卖出4.53亿，伊利股份净卖出3.14亿。
1812256,9/1/2020,【19家酒企上半年业绩普遍下滑：茅台五粮液洋河赚走八成净利】19家白酒上市公司2020年半年报已全部出炉。上半年，19家白酒上市公司总营收为1350.92亿元，同比增长1.85%，归母净利润总额为489.05亿元，同比增长7.42%。能在疫情的情况下还保持行业的整体增长，依托的是茅台、五粮液等龙头企业的营收、净利双增。以营收排名前三的贵州茅台、五粮液、洋河股份计算，仅这三家的营收规模就占19家上市公司总营收的62.25%，达到881.5亿元，净利润更是达到388.58亿元，占净利润总额的79.46%。（澎湃）
1811927,8/31/2020,【十大券商9月展望：结构性行情可期 把握经济复苏主线】据不完全统计，截至8月31日，已有10家券商陆续发布了9月金股投资组合，太阳纸业、芒果超媒、五粮液成为最受券商看好的个股。今世缘、恒力石化、招商银行、新华保险等亦获得较高关注度。展望后市行情，券商认为，当前增量资金入市趋势仍在，9月市场结构性行情可期。配置上建议继续拥抱顺周期复苏受益行业。（中国证券报）
1811743,8/31/2020,【北上资金净流出80.26亿 五粮液净卖出13.95亿】北上资金今日净流出80.26亿。五粮液、中国中免、宁德时代、药明康德净卖出居前，分别获净卖出13.95亿元、5.48亿元、4.48亿元、3.60亿元。
1809883,8/29/2020,Wind数据显示，资金快速涌向头部基金经理，已有20位基金经理的管理规模超过了300亿元，他们持有市值总和最大的的股票分别为贵州茅台、五粮液、长春高新。（中国证券网）
1808683,8/28/2020,【中金：上调五粮液和泸州老窖目标价 因业绩稳健和板块估值上移】中金报告称，尽管五粮液二季度业绩低于中金预期，但考虑到板块估值中枢上移以及长期稳健成长趋势，仍上调目标价53.6%至278元。在另一份报告中，中金调升泸州老窖目标价32.8%至170元。报告指出，泸州老窖二季度业绩超预期，主要是销售费用率下滑较大，预计三季报有望进一步向好。公司上调国窖1573经典装结算价40元每瓶，将进一步促进三季度公司回款。
1808402,8/27/2020,五粮液：上半年净利润108.55亿元人民币，同比增长16.28%。营收307.67亿元，较上年同期增长13.32%。基本每股收益2.797元，同比增长16.30%。
1808198,8/27/2020,【北上资金净流出10.05亿 五粮液净卖出5.39亿】北上资金今日净流出10.05亿。五粮液、贵州茅台、中国平安、歌尔股份净卖出居前，分别获净卖出5.39亿元、3.96亿元、2.80亿元、2.36亿元
1805660,8/25/2020,白酒板块走强，泸州老窖大涨4%，口子窖、山西汾酒、金徽酒、五粮液跟涨。
1801035,8/20/2020,【北上资金净流出28.32亿 贵州茅台净卖出5.74亿】北上资金今日净流出28.32亿。贵州茅台、中国平安、五粮液、中国中免净卖出居前，分别获净卖出5.74亿元、4.93亿元、4.42亿元、2.29亿元。
1791957,8/11/2020,  白酒板块持续走高，酒鬼酒涨停，顺鑫农业涨4%，老白干酒、今世缘、五粮液纷纷拉升。
1791824,8/11/2020,白酒板块持续走高，今世缘涨3%，酒鬼酒、五粮液、古井贡酒走强。
1783887,8/4/2020,  【券商圈点8月金股 大消费扎堆“出镜”】据不完全统计，截至8月3日，已有20家券商陆续公布了8月投资组合，覆盖的月度金股主要集中在大消费、科技、医药、军工、材料、机械制造等行业。从被推荐次数最多的个股来看，8月最受券商看好的依旧是伊利股份，推荐券商共6家，美的集团、五粮液分别被4家券商推荐。券商8月投资组合中对大消费板块持续看好，推荐的个股还包括今世缘、泸州老窖、海尔智家、欧派家居、洋河股份等。
1783429,8/3/2020,【北上资金净流出1.95亿 中国中免净卖出10.65亿】北上资金今日净流出1.95亿。中国中免净卖出10.65亿，立讯精密净卖出4.07亿，五粮液净卖出4.02亿，财通证券净卖出3.95亿。
1778239,7/28/2020,【五粮液等14股获特大单资金净流入超2亿元】统计显示，沪深两市全天特大单资金净流出105.7亿元。其中，14股特大单资金净流入超2亿元，五粮液特大单资金净流入14.53亿元，位居榜首；立讯精密特大单资金净流入9.89亿元，位列第二。特大单资金净流出股中，复星医药特大单资金净流出20.96亿元，净流出资金最多。所属行业来看，特大单资金净流入居前的个股中，食品饮料、电子、国防军工行业最为集中。（证券时报）
1778215,7/28/2020,【酒业协会理事长宋书玉：疫情冲击加速中国白酒进入调整之年】五粮液消息，7月27日，中国酒业协会理事长宋书玉率队到五粮液集团调研并召开座谈会。宋书玉认为，疫情冲击加速中国白酒进入调整之年。从整个行业板块来看，未来纵向压力放缓，横向压力加大；从整个产业结构来看，白酒名酒产区和名酒品牌集中趋势不可阻挡。
1777925,7/28/2020,【水井坊在白酒板块中逆市下跌 上半年净利润锐减七成】截至午盘，水井坊下跌3.31%，盘中一度跌停。尽管当前跌幅有所收窄，股价仍迈向逾三周来新低。公司昨日盘后公布业绩，上半年净利润锐减70%。注：除水井坊外，其他白酒股多升，今日贵州茅台料将公布业绩。五粮液、山西汾酒涨逾4%，古井贡酒上涨3.2%，贵州茅台上涨2.7%。
1777847,7/28/2020,三大股指涨幅均超1％，白酒板块持续走高，五粮液大涨6％，山西汾酒、今世缘涨5％，金徽酒、金种子酒、贵州茅台纷纷走高。
1777845,7/28/2020,白酒板块持续走高，五粮液大涨6%，山西汾酒、今世缘涨5%，金徽酒、金种子酒、贵州茅台纷纷走高。
1776870,7/27/2020,  【财富中国500强茅台利润率居榜首】在最新发布的2020年《财富》中国500强利润率最高的40家公司中，来自白酒行业的贵州茅台，以46.38%的利润率排名第一。除了茅台外，五粮液以及洋河股份皆上榜，利润率分别为34.72%和31.92%，分别位列榜单中的第16位和24位。
1776777,7/27/2020,白酒板块快速走强，板块大面积飘红，维维股份涨停，舍得酒业、洋河股份涨超4%，贵州茅台、酒鬼酒、五粮液等上涨。
1775323,7/24/2020,【今日财经TOP10】① 习近平：一定要把民族汽车品牌搞上去② 中国外交部通知美方关闭美国驻成都总领事馆③ 发改委：国内成品油价格不作调整④ 孟晚舟案证据公开：汇丰银行构陷 美国一手炮制⑤ 美方正在安排美外交人员返回中国？外交部：中美双方保持着沟通⑥ 黑色星期五：A股大跌、北向大幅撤退 发生什么事？⑦ 天弘基金、华夏基金、博时基金App侵害用户权益 被工信部点名⑧ 呷哺呷哺预计今年上半年收入下滑近3成 亏损2亿-3亿⑨ 国窖1573全面停货意为涨价 零售指导价直逼茅台五粮液⑩ 李国庆：东城法院两次驳回俞渝“人身保护令”申请
1773819,7/23/2020,  北上资金今日净买入中国平安3.67亿元、牧原股份2.85亿元，净卖出五粮液7.08亿元、贵州茅台4.04亿元。
1773328,7/23/2020,【国窖1573停货 终端价格上涨】就国窖1573全国总经销商泸州老窖国窖酒类销售股份有限公司停货通知的传闻，成都一家白酒经销商7月22日告诉记者，该文件属实。“国窖1573全国停货，是为了更好地去库存，为后续提价做准备。”一位业内人士表示，“随着五粮液等酒企涨价，国窖1573提价也是为了稳定价格体系。”（中证报）
1771768,7/21/2020,【北上资金净流出30.11亿 中国平安净卖出6.83亿】北上资金今日净流出30.11亿。中国平安净卖出6.83亿，海螺水泥净卖出5.69亿，恒生电子净卖出4.95亿，五粮液净卖出4.73亿。
1770816,7/21/2020,  【中信建投：白酒板块回调给予买入良机】中信建投研报称，白酒板块回调给予买入良机。疫情之后，白酒行业需求向好的趋势不会发生变化、市场份额向头部名优白酒企业集中趋势不会发生变化、消费升级下产品结构的优化趋势不会发生变化，未来四到五个季度白酒企业业绩向好的预期不变。坚定看好头部白酒企业，继续推荐竞争格局好、增长确定的茅台、五粮液、山西汾酒，受益消费复苏的古井贡酒、今世缘、以及具备全国化潜力的低端酒顺鑫农业。
1769909,7/20/2020,  白酒板块大跌，伊力特跌停，今世缘、古井贡酒、水井坊跌7%，山西汾酒、顺鑫农业、五粮液跌5%，贵州茅台跌3%。
1769905,7/20/2020,白酒板块大跌，伊力特跌停，今世缘、古井贡酒、水井坊跌7％，山西汾酒、顺鑫农业、五粮液跌5％，贵州茅台跌3％。
1767228,7/17/2020,  白酒股盘中反弹，贵州茅台、五粮液涨幅均超3%，泸州老窖、今世缘、山西汾酒等跟涨。
1767227,7/17/2020,白酒板块小幅反抽，贵州茅台高开高走涨3％，五粮液、泸州老窖、今世缘、山西汾酒等跟涨。
1767204,7/17/2020,昨天出现跌停潮的白酒股今日继续普遍下跌，水井坊跌近7%，酒鬼酒跌超5%，金徽酒和舍得酒业跌超4%，五粮液跌超3%，仅贵州茅台微涨0.37%。
1767176,7/17/2020,【机构仍看好白酒板块】虽然资金抛售猛烈，但不少机构仍然看好白酒板块的机会。华创证券表示，结合批价展望、中报预期及增量资金效应，高端白酒估值溢价有望强化，继续全面推荐茅台、五粮液、泸州老窖。天风证券称，在当前市场流动性宽松带来食品饮料板块高估值环境下，应重点关注行业集中度提升长期竞争格局持续优化的高端白酒及次高端白酒行业的布局机会。（证券日报）
1766470,7/16/2020,【北上资金净流出69.20亿 格力电器净卖出14.52亿】北上资金今日净流出69.20亿。格力电器净卖出14.52亿，五粮液净卖出11.23亿，恒瑞医药净卖出7.52亿，招商银行净卖出5.82亿。
1766269,7/16/2020,白酒股重挫，五粮液跌停，贵州茅台跌近9％。
1764577,7/15/2020,【北上资金净流出27.06亿 五粮液净卖出8.79亿】北上资金今日净流出27.06亿。五粮液、贵州茅台、中信证券、中国中免净卖出居前，分别获净卖出8.79亿元、8.21亿元、4.20亿元、3.43亿元
1764073,7/15/2020,【华创证券：高端白酒估值溢价有望强化】华创证券研报认为，白酒板块高端批价继续上行，增量资金效应明显，尽享估值溢价。中秋前茅台飞天批价将继续上涨。五粮液加推企业团购等新渠道，摆脱“一放量就批价回落”的历史问题，批价稳步上行。资金层面，近期基金发行热度较高，预计将为高端白酒等消费龙头带来明显的增量资金。结合批价展望、中报预期及增量资金效应，我们认为高端白酒估值溢价有望强化，继续全面推荐茅台\/五粮液\/泸州老窖。
1763547,7/14/2020,【北上资金净流出173.84亿 贵州茅台净卖出13.53亿】北上资金今日净流出173.84亿。贵州茅台、五粮液、中国中免、宁德时代净卖出居前，分别获净卖出13.53亿元、12.28亿元、7.60亿元、7.25亿元。
1763044,7/14/2020,  白酒概念异动拉升，水井坊涨超7%，酒鬼酒、古井贡酒、五粮液、舍得酒业等跟涨。
1762133,7/13/2020,【五粮液：拟启动12万吨生态酿酒项目(一期)】五粮液公告，公司董事会同意公司启动12万吨生态酿酒项目(一期)，总建筑面积约165764m2，拟建酿酒车间5栋；同时建设相关配套建筑和工程，总投资估算约12.68亿元；审议通过关于启动公司110kV变电站建设项目的议案，同意公司110kV变电站建设项目启动并立项。
1761943,7/13/2020,  白酒板块持续走强，古井贡酒、五粮液、伊力特涨逾7%，顺鑫农业、今世缘、山西汾酒等跟涨。
1761397,7/12/2020,【五粮液公告：控股股东拟无偿划转公司股份0.77%给五粮液集团】五粮液公告，控股股东宜宾市国资公司与五粮液集团于2020年7月10日签署划转协议，宜宾市国资公司拟将所持有的公司0.77%股份（即3000万股）无偿划转给五粮液集团。此前为约定双方划转0.37%股份，此次调整为0.77%股份。本次划转不会导致公司控股股东、实际控制人发生变化。
1759296,7/10/2020,【北上资金净流出43.93亿 海螺水泥净卖出5.74亿】北上资金今日净流出43.93亿。海螺水泥、五粮液、紫光国微、绿地控股净卖出居前，分别获净卖出5.74亿元、3.96亿元、3.59亿元、3.47亿元。
1758936,7/10/2020,五粮液涨超1%，股价再创新高，市值突破8000亿元。
1755178,7/7/2020,  五粮液股价突破200元，再创新高；贵州茅台涨近5%。
1755145,7/7/2020,  白酒板块走强，金种子酒拉升封板，贵州茅台、酒鬼酒、五粮液等大幅跟涨。
1752626,7/4/2020,  【56只个股近两日累计成交额均超50亿元】A股连续两个交易日成交额突破万亿元，为4个月以来首次。统计发现，沪深两市共有56只个股近两日的累计成交额超过了50亿元。其中，中信证券、东方财富、中国平安、中兴通讯、贵州茅台、五粮液、京东方A、格力电器、光大证券、万科A、省广集团等11只热门股成交额均超过100亿元，备受市场关注。
1750620,7/2/2020,【白酒股继续走强 泸州老窖涨超8%】白酒股继续走强，截至发稿，泸州老窖涨超8%，五粮液、贵州茅台涨超2%，均创出历史新高。
1749472,7/1/2020,【五粮液大涨8% 市值突破7000亿元】五粮液盘中拉升至185元\/股，涨幅高达8.11%，创下历史新高。截至发稿，五粮液总市值达7181亿元。
1736088,6/19/2020,【北上资金净流入182.33亿 贵州茅台净买入6.95亿】北上资金今日净流入182.33亿。贵州茅台、宁德时代、迈瑞医疗、五粮液净买入居前，分别获净买入6.95亿元、4.93亿元、4.88亿元、4.85亿元。
1735956,6/19/2020,快讯：五粮液大涨5％，刷新历史新高，贵州茅台股价升至1445元，继续刷新高位。
1735789,6/19/2020,白酒板块走强，金种子酒涨逾8%，山西汾酒、水井坊、五粮液、顺鑫农业等跟涨。
1731490,6/15/2020,【北上资金净流出40.70亿 五粮液净卖出8.18亿】北上资金今日净流出40.70亿。五粮液净卖出8.18亿，贵州茅台净卖出6.54亿，中国平安净卖出4.82亿，招商银行净卖出4.50亿。
1719473,6/1/2020,  【北上资金净流入104.86亿 立讯精密净买入4.99亿】北上资金今日净流入104.86亿。立讯精密、五粮液、京东方Ａ、中国平安净买入居前，分别获净买入4.99亿元、4.73亿元、4.46亿元、4.35亿元。
1718975,6/1/2020,白酒概念异动拉升，五粮液涨4%，山西汾酒、泸州老窖、金徽酒、酒鬼酒等跟涨。
1718934,6/1/2020,【中金：上调五粮液目标价至181元 因公司经营持续改善及板块估值中枢上移】中金报告称，预计五粮液终端动销当前已恢复至正常状态70%-80%以上水平，并呈逐月环比改善趋势，由于板块估值中枢上移以及公司经营持续改善，上调公司目标价11.7%至181元。
1717508,5/29/2020,【五粮液：坚定2020年度两位数增长目标】记者获悉，5月29日，在五粮液2019年年度股东大会上，五粮液指出白酒市场正在恢复。其中，主产品五粮液动销恢复到70%水平，尖庄等产品动销已经超越去年同期水平。商家信心也在进一步恢复，不管今年市场发生如何波动，五粮液一直保持着顺价销售。会议指出，率先走出行业调整的肯定是大企业、名酒企业，五粮液今年一季度目标已超预期完成，两位数增长的2020年度目标实现可期。
1717467,5/29/2020,【五粮液于四川自贸区成立新零售管理公司 注册资本1亿人民币】天眼查数据显示，5月27日，四川五粮液新零售管理有限公司成立，注册资本1亿人民币，注册地位于中国（四川）自由贸易试验区，经营范围包括酒类经营；企业管理；游艺及娱乐用品销售；玩具销售；照相机及器材销售；互联网销售（除销售需要许可的商品）；纸制品销售；国内贸易代理等。
1715462,5/27/2020,【全国人大代表李曙光：推进白酒产业国际化】全国人大代表、五粮液集团党委书记、董事长李曙光表示，在推动国内市场恢复的同时，要关注中国国际影响力提升对白酒行业的影响。建议推进中国白酒产业国际化发展，依托当地综合保税区，解决好中国白酒进出口贸易中遇到的技术性问题，推动制定中国白酒国际标准。
1713112,5/24/2020,【五粮液集团董事长：有信心完成两位数增长目标】全国人大代表、五粮液集团党委书记、董事长李曙光在出席2020年全国两会时表示，去年底，我们提出今年继续保持两位数增长，从目前市场恢复的情况来看，我们有信心在二季度实现时间过半任务过半的“双过半”，有信心全年完成两位数增长的预期目标，同时在发展中，我们承诺五粮液职工岗位不减、收入不减，并面向社会积极创造更多的就业机会。
1712386,5/22/2020,  【五粮液：7.35亿元增资五粮液集团财务有限公司】 五粮液公告，为进一步增强资本实力，提升金融平台服务功能，拓展创新业务范围，四川省宜宾五粮液集团财务有限公司拟实施增资，此次增资金额为15亿元，其中：公司增资7.35亿元，关联方五粮液集团增资7.65亿元，其余股东不参与本次增资。本次增资完成后，财务公司注册资本增至30.86亿元，公司持股比例由36%变更为40.56%，五粮液集团持股比例变更为42.25%。
1707851,5/18/2020,白酒板块持续走高，山西汾酒大涨6%，洋河股份涨5%，水井坊、五粮液大涨4%，贵州茅台再创历史新高，站上1350元。
1707849,5/18/2020,【A股千亿市值军团成员扩容至近百家】A股如今千亿市值“白马军团”相比五年前却已经大幅扩容。据东方财富Choice数据，截至今日午间收盘时，当今的千亿市值军团成员已经扩充至97家，消费、医药和科技则占据重要位置。其中，贵州茅台以1.68万亿元市值、五粮液以5779亿元的市值分别位居A股市值的第二名和第十名，双汇发展、海天味业、山西汾酒等公司市值跻身千亿元行列。（上海证券报）
1701432,5/11/2020,  白酒概念拉升，今世缘涨5%，古井贡酒涨超4%，伊力特、泸州老窖、五粮液等跟涨。
1699982,5/8/2020,  白酒板块拉升走强，今世缘涨超4%，泸州老窖涨超3%，口子窖、顺鑫农业等跟涨；贵州茅台现涨1.39%，盘中再创历史新高价1338元；五粮液涨1.95%，盘中股价均创历史新高。
1691613,4/28/2020,【北上资金今日净流入10.37亿 中国平安净买入0.89亿】北上资金今日净流入10.37亿元。沪股通方面，中国平安净买入0.89亿，海天味业净买入0.65亿。深股通方面，立讯精密净买入4.58亿，五粮液净买入2.91亿。
1691277,4/28/2020,  酿酒板块持续走强，截至发稿，山西汾酒涨停，金枫酒业涨超6%，泸州老窖、五粮液涨超5%。
1691170,4/28/2020,【五粮液一度创三周最大升幅】五粮液现涨3.8%，盘中最大上涨约4.5%，为三周来盘中最大升幅。投行Jefferies称，五粮液一季度业绩超预期，受益于1月疫情爆发前强劲的产品出货。尽管公司在二季度将面临更多的增长压力，但预计下半年会持续复苏，上调目标价7%至150元，维持买入评级。
1691130,4/28/2020,酿酒板块早盘走强，截至发稿，山西汾酒涨超4%，金枫酒业、五粮液涨超3%，百润股份、舍得酒业涨超2%。
1690804,4/27/2020,【五粮液：2019年净利润174.02亿元 同比增长30.02%】五粮液晚间发布年报，2019年公司实现营业收入501.18亿元，同比增长25.20%；实现归属于上市公司股东的净利润174.02亿元，同比增长30.02%。
1688590,4/24/2020,  【五一临近，消费板块迎来“机遇”】 伴随着年报披露接近尾声，以及五一的临近，消费板块提前开启了上涨局面。从机构资金净流入情况来看，酒类、在线旅游板块早盘获机构资金净买入额接近4亿元。百润股份获机构资金净流入超1亿元，今世缘、五粮液、顺鑫农业的机构资金净流入额均超过5000万，凯撒旅业、泸州老窖、古井贡酒等4股机构资金净流入超过1000万。其中，今日大涨的众信旅游2019年净利润同比增长近2.5倍。探路者、百润股份等3股2019 年净利润同比增幅均超过100%。其中百润股份、酒鬼酒在一季度极端市场环境下净利润仍然实现增长，同比增幅均超过30%。（证券时报）
1687071,4/23/2020,【公募基金一季报收官，1232只基金青睐贵州茅台】一季度末，贵州茅台以被1232只基金持有的总量在所有个股中位居榜首。值得一提的是，这已经是贵州茅台连续3个季度成为最受基金青睐的重仓股。有359只基金在一季度期间对贵州茅台有所增持，招商中证白酒指数分级、中欧新蓝筹混合等基金增持动作较大。截至今年一季度末，公募基金最青睐的前十大重仓股分别是贵州茅台、恒瑞医药、中国平安、招商银行、立讯精密、伊利股份、五粮液、格力电器、长春高新和万科A。与去年四季度末相比，立讯精密和长春高新“新晋”上榜。（证券日报）
1686437,4/22/2020,  【北上资金净流入11.78亿 五粮液净买入2.65亿】北上资金今日净流入11.78亿。五粮液净买入2.65亿，伊利股份净买入2.01亿，格力电器净买入1.98亿，牧原股份净买入1.83亿。
1684474,4/21/2020,  【陈光明旗下基金持仓曝光，一季度高仓位运行】4月20日，睿远基金旗下睿远成长价值混合基金披露一季报。截至报告期末（3月31日）睿远成长价值混合A基金份额净值为1.185元，一季度该类基金份额净值增长率为-1.86%，同期业绩比较基准收益率为-7.27%。该基金一季末的前十大重仓股分别为东方雨虹、立讯精密、隆基股份、五粮液、凯利泰、国瓷材料、万华化学、梦网集团、信维通信、千方科技。
1683820,4/20/2020,  【睿远成长价值基金一季报：加仓立讯精密和五粮液 减仓医药股】基金大佬”陈光明旗下睿远成长价值混合基金披露2020年一季报。2020年一季报显示，截至一季度末，由傅鹏博、朱璘、陈烨远3位基金经理共同管理的睿远成长价值混合基金的股票仓位为89.99%，相较于2019年四季度末的91.05%略有下降，继续维持较高的仓位配置。而在基金重仓股方面，相比2019年三、四季度末的持仓名单，该基金2020年一季度末的前十大重仓股整体变化不大，但进行了适当增减。该基金2020年一季度末的前十大重仓股分别为东方雨虹、立讯精密、隆基股份、五粮液、凯利泰、国瓷材料、万华化学、梦网集团、信维通信、千方科技。
1683691,4/20/2020,【北上资金净流入0.50亿 药明康德净买入4.09亿】北上资金今日净流入0.50亿。药明康德、五粮液、牧原股份、迈瑞医疗净买入居前，分别获净买入4.09亿元、2.83亿元、0.57亿元、0.49亿元。
1682025,4/17/2020,【北上资金净流入86.24亿 五粮液净买入6.66亿】北上资金今日净流入86.24亿。五粮液净买入6.66亿，美的集团净买入5.81亿，隆基股份净买入3.87亿，立讯精密净买入3.73亿。
1681534,4/17/2020,【证券时报头版评论：茅台A股市值登顶折射经济趋势变迁】证券时报头版评论称，贵州茅台以逾1.5万亿元市值超越工商银行，排名A股市值第一，这市值变动的背后，折射出经济趋势正在变迁。过去一直被讨论的金融股石油股在A股市值排名霸榜的现象，随着贵州茅台、五粮液、恒瑞医药市值的崛起有所改观，市值前十大不再全是金融股+两桶油。或许这也意味着经济三大支柱之一的内需，未来将大有可为。
1681046,4/16/2020,【北上资金净流入38.15亿 贵州茅台净买入10.13亿】北上资金今日净流入38.15亿。贵州茅台、五粮液、药明康德、海螺水泥净买入居前，分别获净买入10.13亿元、3.88亿元、2.60亿元、1.09亿元。
1676292,4/11/2020,【北上资金大幅回流 加仓白马股】据证券时报，本周，受清明节和复活节假期影响，北上资金仅交易2日，其中周二大幅净买入126.74亿元，创历史第五大净买入；两天合计净买入92.21亿元，为春节后第二大周净买入。这显示经过前期因外围市场巨震，导致大幅净流出的避险资金开始重新回流。北上资金本周大幅加仓白马股，持仓市值超百亿元的重仓股大部分获得净买入。其中五粮液获得13.74亿元净买入，为本周唯一净买入超10亿元的个股。
1675433,4/10/2020,【险资去年四季度清仓贵州茅台等白酒龙头股 看好大消费股理念未变】A股上市公司最新披露的年报数据显示，险资已于去年四季度对重仓持有的贵州茅台、五粮液、泸州老窖这3只白酒龙头股全部清仓，同时并未新进其他白酒股作为替代。白酒股缘何遭险资清仓？一位寿险公司资管人士表示，白酒龙头股具有高增长特征，但股息率不及四大行，在利率下行阶段，险资最看好的板块还是具有高股息率的银行股。当然，险资的阶段性减持或与相关板块的估值较高有关，随着股价回调到位，未来有可能会被重新加仓。（证券日报）
1673916,4/8/2020,北向资金今日净流出34.52亿元，中国平安、牧原股份分别遭净卖出超3亿元，五粮液逆势获净买入4.74亿元。
1672952,4/7/2020,【北上资金净流入126.74亿 五粮液净买入9.00亿】北上资金今日净流入126.74亿。五粮液、三一重工、贵州茅台、迈瑞医疗净买入居前，分别获净买入9.00亿元、6.96亿元、6.29亿元、4.94亿元。
1672506,4/7/2020,  白酒股早盘走强，古井贡酒、五粮液涨超4%，泸州老窖、今世缘、水井坊、酒鬼酒等涨超3%，贵州茅台涨超2%。
1668462,4/1/2020,北上资金今日净流入42.35亿元。沪股通方面，海天味业净买入4.16亿，兴业银行净买入1.14亿。深股通方面，海康威视净买入6.32亿，五粮液净买入4.55亿。
1662497,3/25/2020,【糖酒会延期至5月下旬在成都举办，部分酒企还在评估是否参加】有酒业人士表示，目前大部分酒企还在对是否参加进行评估，根据疫情等情况做两手准备。今年受疫情影响，此前预定的酒店和场地是否可以延期也需要协商。此外，许多酒企原定于春糖会发布的新品，已在线上进行“云发布”，是否需要参加糖酒会也需要进行评估。据了解，目前五粮液、洋河、泸州老窖和劲酒已确定会参与本届糖酒会，但仍有大部分酒企在进行评估中。（澎湃）
1660530,3/23/2020,【北上资金今日净流出79.99亿】沪股通方面，贵州茅台净卖出11.95亿，恒瑞医药净卖出6.11亿。深股通方面，五粮液净卖出3.64亿，格力电器净卖出2.86亿。
1658535,3/20/2020,【北上资金净流入16.87亿 招商银行净买入7.48亿】北上资金今日净流入16.87亿。招商银行净买入7.48亿，贵州茅台净买入4.44亿，五粮液净买入4.23亿，中国平安净买入3.99亿。
1658351,3/20/2020,【贵州茅台市值超可口可乐，五粮液超越百威】白酒龙头午后崛起，五粮液收涨6%，贵州茅台收涨近4%。两者都在午后出现明显拉升，消息面，富时罗素A股扩容今日收盘后生效。近期国际金融市场大幅波动，中外消费股龙头估值迅速拉近。按照今日人民币对美元中间价计算，贵州茅台最新市值折合1843亿美元，已经超越可口可乐（1794亿美元），五粮液为597亿美元，超越百威英博（592亿美元）。（证券时报）
1658039,3/20/2020,白酒板块开盘异动拉升，五粮液涨4%，贵州茅台涨3.5%，泸州老窖、顺鑫农业等跟涨。
1657401,3/19/2020,【北上资金今日净流出102.20亿 招商银行净卖出6.71亿】北上资金今日净流出102.20亿元。沪股通方面，招商银行净卖出6.71亿，海螺水泥净卖出5.84亿。深股通方面，格力电器净卖出8.12亿，五粮液净卖出3.70亿。
1654900,3/17/2020,【北上资金今日净流出82.38亿 贵州茅台净卖出14.45亿】北上资金今日净流出82.38亿元。沪股通方面，贵州茅台净卖出14.45亿，中国平安净卖出3.38亿。深股通方面，五粮液净卖出4.23亿，格力电器净卖出1.40亿。
1651503,3/13/2020,【北上资金今日净流出147.26亿 贵州茅台净卖出26.58亿】北上资金今日净流出147.26亿元。沪股通方面，贵州茅台净卖出26.58亿，中国平安净卖出10.29亿。深股通方面，五粮液净卖出9.21亿，格力电器净卖出2.82亿。
1650104,3/12/2020,【北上资金今日净流出83.80亿 中国平安净卖出12.15亿】北上资金今日净流出83.80亿元。沪股通方面，中国平安净卖出12.15亿，贵州茅台净卖出7.39亿。深股通方面，五粮液净卖出9.98亿，宁德时代净卖出7.14亿。
1647417,3/10/2020,【北上资金今日净流入30.96亿 中信证券净买入3.19亿】北上资金今日净流入30.96亿元。沪股通方面，中信证券净买入3.19亿，贵州茅台净买入2.50亿。深股通方面，京东方A净买入2.62亿，五粮液净买入2.50亿。
1646218,3/9/2020,【北上资金今日净流出143.19亿元 创单日净流出历史新高】北上资金今日净流出143.19亿元。沪股通方面，中国平安净卖出15.79亿，贵州茅台净卖出9.92亿。深股通方面，格力电器净卖出6.56亿，五粮液净卖出5.37亿。
1642276,3/5/2020,【北上资金今日净流入48.11亿 恒瑞医药净买入3.94亿】北上资金今日净流入48.11亿元。沪股通方面，恒瑞医药净买入3.94亿，贵州茅台净买入3.81亿。深股通方面，五粮液净买入8.42亿，格力电器净买入5.76亿。
1642136,3/5/2020,白酒板块走强，山西汾酒封板，五粮液、古井贡酒、今世缘涨逾7%。
1639729,3/3/2020,北上资金今日净流入4.80亿元。沪股通方面，中国平安净买入3.37亿，贵州茅台净买入3.24亿。深股通方面，迈瑞医疗净买入4.10亿，五粮液净买入4.04亿。
1635437,2/28/2020,【北上资金今日净流出51.37亿 贵州茅台净卖出12.45亿】北上资金今日净流出51.37亿元。沪股通方面，贵州茅台净卖出12.45亿，三一重工净卖出2.71亿。深股通方面，五粮液净卖出9.56亿，京东方A净卖出3.49亿。
1625103,2/20/2020,【五粮液董事长慰问复工复产一线员工】2月20日，集团公司党委书记、董事长、公司疫情防控领导小组组长李曙光率队深入生产车间、子公司和职能部门，看望慰问复工复产一线员工，检查指导疫情防控工作。他强调，各单位要在继续保持严防严控、群防群控的前提下，紧盯年度生产经营目标任务，加强生产组织，推动满负荷生产。股份公司总经理、总工程师陈林，股份公司副总经理唐伯超参加慰问。
1623605,2/19/2020,北上资金今日净买入五粮液8.05亿元、中国国旅6.58亿元，净卖出宁德时代2.66亿元、中兴通讯1.89亿元。
1621911,2/18/2020,【分批复工 中高端白酒企业信心不减】连日来，多家酒厂纷纷复工复产，包括贵州茅台、五粮液、舍得酒业、汾酒、郎酒、习酒、今世缘等企业均分批次进行复产。面对安全生产等问题，各企业采取不同措施，建立起一道坚固的疫情防线。有业内人士预计，相较于经销商端，企业端受损相对较小，随着疫情过去，中高端白酒的销售目标、市场渠道都将得以恢复。（北京商报）
1620901,2/16/2020,五粮液品牌事业部对各营销战区下发了《关于精准实施策略、不搞一刀切，切实做好近期市场重点工作的通知》，要求各营销战区要强化3月份计划配额调节预案，对经销商进行分类调节，科学精准施策。（微酒）
1618033,2/13/2020,【北上资金今日净流入7.91亿 上海机场净买入2.38亿】北上资金今日净流入7.91亿元。沪股通方面，上海机场净买入2.38亿，华友钴业净买入2.27亿。深股通方面，天齐锂业净买入5.53亿，五粮液净买入2.58亿。
1617710,2/13/2020, 【中国酒业协会倡议酒企按规复产 做到复工防控两不误】中国酒业协会发布《关于有序推进酒类生产和经营企业疫情防控和复工复产的倡议书》，号召酒企制定新冠肺炎疫情防控方案，严格按照规定程序复工生产，做到复工、防控两不误。面对当下疫情和市场形势，贵州茅台、五粮液、泸州老窖、舍得酒业纷纷表示，仍将维持全年计划不变，坚定不移完成生产。
1616333,2/12/2020,【五粮液、茅台、洋河逐步复工复产 多家酒企表态全年目标不变】进入2月，根据各家白酒头部企业发布的消息，主要酒企都已在研究复工，有的已经陆续推进复工复产。其中，贵州茅台将于2月13日起复工，五粮液已于2月10日起有序推进复工复产，洋河根据计划将于2月17日起陆续复工。此外，贵州茅台、五粮液、泸州老窖等酒企都表示，将维持全年计划不变，坚定不移完成生产。（澎湃）
1616324,2/12/2020,【五粮液、茅台、洋河逐步复工复产，多家酒企表态全年目标不变】进入2月，根据各家白酒头部企业发布的消息，主要酒企都已在研究复工，有的已经陆续推进复工复产。其中，贵州茅台将于2月13日起复工，五粮液已于2月10日起有序推进复工复产，洋河根据计划将于2月17日起陆续复工。此外，贵州茅台、五粮液、泸州老窖等酒企都表示，将维持全年计划不变，坚定不移完成生产。（澎湃新闻）
1607490,2/5/2020,  【五粮液集团：已全面完成旺季销售目标 提出“三优化”“三转型”】2月2日至5日，五粮液集团董事长李曙光连续主持召开三次专题会议，深入研究疫情防控和企业发展。五粮液集团指出，元旦春节期间，全面完成旺季销售目标。疫情新形势，对酒业短期带来影响，但行业高质量发展、集中化发展、高端化发展的趋势不会改变。会议要求，结合当前形势，进一步突出加强计划、渠道、结构“三个优化”，加快机制、团队、数字化“三个转型”，推动全年营收保持两位数以上的增长。
1607286,2/5/2020,北上资金今日净买入上海机场8.29亿元、五粮液4.50亿元，净卖出海康威视4.73亿元、中国平安3.42亿元。
1600807,1/31/2020,【五粮液集团再捐赠3000万元 已累计捐赠9200万元抗击疫情】1月31日，五粮液集团向四川省慈善总会捐赠3000万元，用于四川新型肺炎疫情的防控，这是截至目前四川省慈善总会接收到的用于疫情防控的最大一笔捐款，已向四川省内捐款5000万元。1月26日，五粮液集团已向武汉市慈善总会捐款3000万元，用于支持当地抗击肺炎；1月30日，系列酒五粮春向武汉市慈善总会捐款1200万元。至此，五粮液集团为抗击疫情，已累计捐赠达到9200万元。
1592906,1/23/2020,【北上资金净流出117.62亿 美的集团净卖出14.87亿】北上资金今日净流出117.62亿。美的集团、中国平安、招商银行、五粮液净卖出居前，分别获净卖出14.87亿元、6.86亿元、5.82亿元、5.48亿元。
1591822,1/22/2020,【北上资金净流出7.64亿 美的集团净卖出9.84亿】北上资金今日净流出7.64亿。美的集团、中国平安、立讯精密、五粮液净卖出居前，分别获净卖出9.84亿元、7.30亿元、3.21亿元、2.89亿元。
1591216,1/22/2020,【1.178万亿！去年公募基金盈利创历史最高】受益于2019年结构性牛市，公募基金整体获得不错的正回报，盈利水平创出历史新高。根据天相投顾的统计，2019年整个公募基金盈利达11777.31亿元，这一数据已超过2007年水平（11011.87亿元），创出历史最高纪录。重仓股方面，贵州茅台、中国平安、五粮液、万科Ａ和格力电器为基金前五大重仓股。基金持股量最大的仍是制造业，也是四季度加仓最猛的行业。  （证券时报）
1590432,1/21/2020,【北上资金净流出71.28亿 中国平安净卖出11.34亿】北上资金今日净流出71.28亿。中国平安、贵州茅台、五粮液、招商银行净卖出居前，分别获净卖出11.34亿元、6.51亿元、5.84亿元、5.79亿元。
1590070,1/21/2020,白酒股走弱，口子窖、泸州老窖跌近4%，五粮液、金微酒、今世缘跌逾3%。
1589092,1/21/2020,【节前白酒市场走访：中低端酒促销忙，平价茅台难求】临近春节，白酒迎来销售旺季。近日，中新经纬记者走访北京市场发现，中低端白酒为提升销量，大打“促销战”，更有厂家以近乎一折的价格出售。不过，茅台、五粮液等高端白酒价格依然坚挺。（中新经纬）
1588727,1/20/2020,【 招商食品：本周春节动销高峰期开启 延续平稳主基调 】招商证券食品饮料杨勇胜团队发文称，本周春节动销高峰期开启，延续平稳主基调。2020年旺季时间短、基数较大，考虑价格同比提升明显，预计销量低个位数增长。各价格带龙头回款、库存及动销反馈良好，继续关注春节旺季行情。确定性品种首选茅台，当前重点关注五粮液\/老窖估值修复机会，关注改革红利释放的汾酒买点，继续推荐区域龙头今世缘\/古井。
1584235,1/16/2020,【北向资金又犯“酒瘾” 消费股魅力不减】去年12月至今年首周（两个交易日），北向资金对白酒股的兴趣一度有所减弱，同期的申万食品饮料指数亦横盘震荡。而自1月6日以来，白酒股再次获得北向资金持续加仓，对顺鑫农业、洋河股份、五粮液、贵州茅台等的加仓力度较大，申万食品饮料指数也重拾升势。（上证报）
1581764,1/13/2020,【北上资金净流入77.10亿 五粮液净买入7.34亿】北上资金今日净流入77.10亿。五粮液、美的集团、平安银行、贵州茅台净买入居前，分别获净买入7.34亿元、5.70亿元、5.30亿元、5.13亿元。
1578514,1/10/2020, 【北上资金净流入29.58亿 五粮液净买入11.42亿】北上资金今日净流入29.58亿。五粮液、贵州茅台、洋河股份、美的集团净买入居前，分别获净买入11.42亿元、6.40亿元、3.61亿元、3.53亿元。
1575304,1/7/2020, 北向资金今日净流入45.07亿元，连续4日净流入。格力电器、贵州茅台、五粮液分别获净买入9.99亿元、4.78亿元、2.82亿元。立讯精密净卖出额居首，金额为1.35亿元。
1566660,12/30/2019,【北上资金今日净流入44.28亿 贵州茅台净买入4.10亿】北上资金今日净流入44.28亿元。沪股通方面，贵州茅台净买入4.10亿，恒瑞医药净买入2.21亿。深股通方面，五粮液净买入4.67亿，格力电器净买入3.33亿。
1546971,12/25/2019,【五粮液集团与电子科技大学座谈：将设立联合实验室和推进数字化转型建设】记者获悉，五粮液集团24日与电子科技大学深化战略合作座谈会在成都召开。双方一致认为，战略合作协议签订以来，校企合作富有成效。双方将进一步拓宽产学研用合作广度和深度，在已开展中国酒业大数据中心建设合作的基础上，设立联合实验室和研究生培养基地，致力于人才输送培养以及科技成果转化应用，加强新技术在品牌宣传的推广运用；推进五粮液数字化转型建设，为五粮液在信息人才团队打造、项目管理和运维等方面提供支持。
1544965,12/23/2019,【中信证券：“甜蜜素”事件不改趋势 坚定看好白酒板块】中信证券研究指出：“甜蜜素”事件是历史遗留问题的重提。该事件不会影响对名优白酒的消费信心；同时，目前白酒行业的主基调是升级和集中度提升，料结构性繁荣下白酒龙头景气度望更加绵长，凭借严控品质、珍视品牌、加强渠道管控，会将其产品和品牌的时间价值体现在市占率提升和业绩成长上。坚定好看白酒行业、尤其是高端酒的核心资产价值。如果此次事件引起板块非理性调整，建议着眼长远、积极布局，重点推荐贵州茅台、五粮液等。
1542800,12/21/2019,【北向资金持续买入，26个交易日加仓近千亿元，青睐银行和科技】截至12月19日，Choice数据显示，今年以来北向资金已累计净流入了3373.32亿元，净流入金额已超去年全年。在11月14日-12月19日，北向资金已连续26个交易日净流入，累计净流入金额达991.22亿元。期间北向资金共计加仓957只个股，对其中37只个股的加仓股数超过了5000万股，其中银行股10只。加仓股票数量位居前三的分别为京东方A、宝钢股份、TCL集团。截至19日，北向资金持仓市值前十个股分别为贵州茅台、中国平安、美的集团、格力电器、恒瑞医药、五粮液、招商银行、海螺水泥、平安银行、长江电力。（中证报）
1535267,12/19/2019,【茅台致信五粮液：祝贺收入跨越千亿元大关】茅台集团董事长李保芳，茅台集团总经理李静仁联名致信五粮液集团党委书记、董事长李曙光及五粮液集团，向五粮液集团2019年收入跨越1000亿元大关表示祝贺。贺信称，茅台与五粮液，提前一年双双实现“千亿”，让中国白酒“金三角”，同时孕育了全球烈性酒产业的两个千亿集团。这是历史性的突破与佳话。（上证报）
1532155,12/19/2019,【茅台致信五粮液祝贺今年收入突破千亿】12月18日，茅台集团党委书记、董事长李保芳，茅台集团党委副书记、总经理李静仁联名致信五粮液集团党委书记、董事长李曙光及五粮液集团 ，代表茅台，向五粮液集团2019年收入跨越1000亿大关表示祝贺。12月16日，李保芳在2019年茅台酱香酒全国经销商联谊会上宣布，茅台今年的销售总量已突破千亿。12月18日，在五粮液第二十三届1218共商共建共享大会上，李曙光谈到，2019年五粮液集团实现了稳中有进的新发展，集团销售收入历史性跨越千亿台阶已成定局。（澎湃）
1529809,12/18/2019,【五粮液邹涛：优秀运营商最高奖励500万】12月18日，在五粮液第二十三届1218共商共建共享大会上，五粮液集团副董事长邹涛表示，按照集团公司战略发展规划，浓香系列酒公司坚持向中高价位、自营品牌，核心品牌聚焦。产品结构得到初步优化，未来产品矩阵、价格跑道会更加清晰，品牌形象得到显著提升。此外，邹涛也公布了优秀运营商表彰奖励及基础市场支持政策，其中，星级奖最高奖励85万元，贡献奖最高奖励500万元。
1529580,12/18/2019,【五粮液集团董事长：2020年稳中求进以价格持续提升为核心】18日，五粮液第二十三届1218共商共建共享经销商大会上，五粮液集团公司党委书记、董事长李曙光表示，目前白酒行业结构性繁荣的长周期和向优势品牌、优势企业、优势产区集中的趋势也没有发生根本变化。五粮液将围绕稳中求进的工作总基调，进一步深化“补短板、拉长板、升级新动能”的长期方针，以价格持续提升为核心，强化品质、强化管控、强化数字化转型。（中证网）
1529553,12/18/2019,【四川省人大常委会副主任：五粮液要进一步聚焦白酒产业 强调质量第一】四川省人大常委会副主任刘捷表示，五粮液要进一步聚焦白酒产业，强化科技创新，优化调整产品结构，推动多元产业高质量发展；进一步强调质量第一，注重发挥自身优势，提升品牌质量，不断巩固和提高白酒市场占有率；强化品牌建设管理，强化营销体系建设，进一步创造更宽松营销之路和政策环境，支持运营商做强做大；要着力抓好资本运营，使企业发展效能取得最大化。（一财）
1529325,12/18/2019,【五粮液集团：2019年五粮液实现营收规模跨1000亿元】12月18日，在五粮液第二十三届“1218”共商共建共享大会上，五粮液集团总经理、股份公司董事长曾从钦表示，2019年五粮液集团营收规模跨越1000亿元台阶，连续增递100亿元，核心产品价格突破1000元，利润总额四川第一，旗下上市公司股价站稳100元。
1527572,12/17/2019,【五粮液：今年预计能实现500亿元营收目标】五粮液今日举行投资者沟通交流会，公司表示，2019年预计能实现年初制定的500亿元营收目标。明年公司除了要继续完成营销组织与流程再造之外，商家结构优化、商家计划量与能力的匹配也是营销工作的重点。
1521897,12/13/2019,五粮液：中止五粮液产业园区建设项目，并在前期已进行的基础建设上继续按新方案实施红坝新园区配套基础设施建设等相关项目。
1517797,12/9/2019,【四川严查利用五粮液谋私行为，23家违规经销商被清除】中央纪委国家监委网站9日消息，日前，中央纪委国家监委通报，四川省紧盯白酒经营许可代理权问题开展集中排查，发现问题线索57条，已督促24人退出股份或终止经营，严肃查处了宜宾市国有资产经营有限公司原董事长张辉干预插手五粮液系列酒经销权等违纪违法问题。
1517087,12/9/2019,投行Jefferies：给予贵州茅台买进的初始评级，目标价1540元；给予五粮液买进的初始评级，目标价156；给予泸州老窖持有的初始评级，目标价89。
1514868,12/7/2019,【北上资金连续17日净流入逾840亿元，5只个股净买入额均逾12亿元】根据东方财富统计显示，自11月14日以来截至12月6日，北上资金已经连续17个交易日实现净流入，合计净流入达847.01亿元。 从北上资金净买入金额来看，11月14日以来，共有44只个股期间获得北上资金青睐。格力电器（39.38亿元）、五粮液（15.97亿元）、立讯精密（15.83亿元）、万科A（14.76亿元）、美的集团（12.33亿元）等5只个股期间均获得逾12亿元北上资金抢筹。（证券日报）
1513965,12/6/2019,  北上资金今日净买入贵州茅台7.72亿元、五粮液5.56亿元，净卖出海康威视1.98亿元、上海机场0.74亿元。
1513703,12/6/2019,【连续16个交易日净流入，北向资金点燃做多热情】北向资金连续16个交易日净流入，显示北向资金对A股的坚定信心。今年以来，北向资金已累计净流入2949.38亿元，超过2018年全年的2942.18亿元。Choice数据显示，在11月14日至12月4日，北向资金对830只个股进行了加仓，其中加仓股数居前的个股为京东方A、TCL集团、宝钢股份、紫金矿业。可以看出北向资金对消费、周期股进行了明显的加仓。此外，对其传统重仓的白马股——中国平安、美的集团、格力电器、五粮液、伊利股份、中国国旅、海康威视等也进行了加仓操作。（中证报）
1513541,12/5/2019,【宜宾五粮液机场通航】5日9时13分，一架由西安飞往四川宜宾的川航客机平稳降落在宜宾新机场的跑道上，标志着宜宾五粮液机场正式投运。这一枢纽机场的通航对宜宾市打造四川南向开放枢纽门户，加快川南城市群一体化进程具有重要而深远的意义。（新华社）
1512220,12/5/2019,【不加税但价照涨 白酒企业抢收“春节档”】尽管有关白酒行业加征消费税的疑虑已烟消云散，但不少白酒企业赶在春节白酒销售旺季来临之前，正密集加快涨价的脚步。记者注意到，此番白酒企业的密集提价，较今年上半年的集中提价幅度略显“后劲不足”。在上一轮提价中，白酒涨价幅度在单瓶100元左右。而最新一轮提价中，调价幅度最高的为单瓶60元，其他多在单瓶20元至50元之间。与此同时，高端白酒品牌贵州茅台、五粮液等目前在此次提价潮中则按兵不动。（上海证券报）
1510485,12/4/2019,  【五粮液第八代普五被曝市场价下跌 回应称出厂价没变】12月4日，上海、江苏和浙江多个白酒经销商反映，自中秋以来，第八代普五价格出现下跌，市场零售价格在990至1100元之间。12月4日上午，也有投资者在互动e平台上询问五粮液价格，五粮液回复称，近期公司出厂价无变化。（澎湃）
1510436,12/4/2019,【北上资金今日净流入39.58亿 山东黄金净买入2.60亿】北上资金今日净流入39.58亿元。沪股通方面，山东黄金净买入2.60亿，国电南瑞净买入1.56亿。深股通方面，格力电器净买入11.96亿，五粮液净买入8.52亿。
1510261,12/4/2019,【五粮液回应产品大幅降价：近期出厂价未变化】有投资者在互动平台向五粮液提问，请问贵公司是否有对产品调价？有平台显示公司产品批价大幅降价是否属实？五粮液回复称，近期公司出厂价未变化。
1510237,12/4/2019,【招商证券：建议重视白酒板块年底布局期】招商证券点评称，消费税法征求意见稿中白酒税率保持不变，且消费品后移征收改革也未提及，市场对白酒行业的负面担忧得以缓解。建议重视白酒板块年底布局期。首推高端确定性贵州茅台、五粮液、泸州老窖。
1510217,12/4/2019,白酒板块集体高开，贵州茅台涨2%，金种子酒、酒鬼酒、五粮液集体高开，消息面上，根据《中华人民共和国消费税法（征求意见稿）》税目税率表， 市场关心的白酒税率未调整。白酒仍然延续之前在生产（进口）环节征税的政策，税率为20%加0.5元\/500克（或者500毫升）。
1510187,12/4/2019,【中信证券：消费税意见稿解除短期担忧 利好白酒】中信证券研报称，消费税法征求意见稿发布，总体无明显变化，解除市场担忧。消费税改的关注主要落在白酒板块，短期担忧消除对白酒板块形成利好。展望2020年，宏观经济放缓、基数不断扩大背景下，预计行业将理性降速，龙头公司增长亦将有所放缓，但这并不意味着行业景气出现拐点，相反本轮景气周期仍将持续较长时间。消费升级和集中度提升将成为行业主线，高端酒的增长确定性强。坚定推荐贵州茅台、五粮液、泸州老窖。
1509560,12/3/2019,【泸州老窖再提价：国窖1573系列产品价格全面上调】再次宣布提价。12月2日，记者获悉，泸州老窖向其经销商下发《关于调整国窖1573其他系列产品价格体系的通知》，国窖1573其他系列产品配额价、团购价、零售价上涨30元、50元不等。值得一提的是，泸州老窖上月刚宣布对国窖1573系列产品进行提价。此前，有业内人士向记者指出，泸州老窖的策略还是紧跟五粮液，紧跟它们的价格。（澎湃）
1504978,11/29/2019,【千亿市值蒸发！茅台跳水面临“六连阴” 竟是这个消息惹的祸】 从上周五至今日早盘，短短一周时间，股王贵州茅台市值跌去1287亿元，五粮液市值跌去255亿元。 业内人士表示，备受关注的消费税改革在11月29日传出新消息，或是食品饮料板块巨震的原因。此外，还有业绩考核期部分公募基金获利了结的因素，同时保险资金在完成年度盈利目标后也会倾向于落袋为安。据媒体报道，消费税法征求意见稿有望在年底前公布，公开征求大众意见。（中证报）
1501923,11/27/2019,【宜宾五粮液机场12月5日正式通航】11月27日，宜宾军民合用机场迁建工程、航站楼及配套设施扩建工程通过行业验收。宜宾五粮液机场将于12月5日正式通航。宜宾五粮液机场投产后，可满足起降A320、B737同类及以下机型客机运行，2025年旅客吞吐量200万人次，货邮吞吐量11000吨。（四川发布）
1501922,11/27/2019,【北上资金今日净流入24.22亿 招商银行净买入2.95亿】港交所最终数据显示，北上资金今日净流入24.22亿元。沪股通方面，招商银行净买入2.95亿，中信证券净买入1.56亿。深股通方面，格力电器净买入3.51亿，五粮液净买入3.32亿。
1500595,11/26/2019,【北上资金今日净流入214.30亿 中国平安净买入6.03亿】北上资金今日净流入214.30亿元。沪股通方面，中国平安净买入6.03亿，中国国旅净买入4.22亿。深股通方面，格力电器净买入6.09亿，五粮液净买入5.63亿。
1493229,11/22/2019,  白酒股走弱，山西汾酒跌近6%，泸州老窖、五粮液、贵州茅台、水井坊等纷纷走弱。
1488261,11/20/2019,  北上资金今日净买入五粮液3.46亿元、泸州老窖2.13亿元，净卖出爱尔眼科3.32亿元、恒瑞医药2.59亿元。
1485571,11/18/2019,【万达集团与五粮液集团签订全面战略合作协议】万达集团与五粮液集团在京签订战略合作协议，双方将在传媒产业及体育赛事、专卖店建设、酒类产品、文化旅游等领域开展全面合作。（证券时报）
1481450,11/16/2019,【月内北上资金净流入逾345亿元，近八成净买入活跃股上涨】近期外资加快进入A股市场的步伐，据东方财富网统计数据显示，11月份以来，沪股通期间累计资金净流入134.23亿元，深股通期间累计资金净流入211.43亿元，合计净流入金额达345.66亿元。从北上资金净买入金额来看，11月份以来，共有31只个股期间呈现北上资金净流入态势。其中，格力电器、五粮液、海康威视、海尔智家、美的集团等5只个股期间获得逾11亿元北上资金抢筹。其中共有24只个股期间累计实现上涨，占比77.42%。（证券日报）
1481397,11/15/2019,【华致酒行：茅台、五粮液经销商政策调整未对公司产生影响】 11月15日，华致酒行发布投资者关系活动记录表显示，包括摩根士丹利在内的多家券商对华致酒行进行了调研。华致酒行表示，公司与茅台、五粮液等知名酒厂有长期、稳定的合作，目前看不到上述企业对经销商政策的调整对公司产生任何影响。（新京报）
1480489,11/14/2019,据天相投顾数据，三季度末公募基金的前十大重仓股是贵州茅台、中国平安、五粮液、格力电器、立讯精密、美的集团、泸州老窖、恒瑞医药、招商银行、长春高新。（ 中证报）
1479846,11/13/2019,【上海开展整治食品安全问题联合行动，集中销毁假冒伪劣食品、酒水饮料】11月13日下午，在上海金山区，上海市食品药品安全委员会办公室、上海市市场监管局、上海市公安局等部门开展了一场“整治食品安全问题联合行动”。在罚没物品集中公开销毁活动的现场，执法人员将一批假冒伪劣的茅台、剑南春、五粮液酒，太太乐鸡精、雀巢咖啡等倒入销毁池，并倒入染料染色，进行现场集中销毁。这批集中销毁的假冒伪劣食品、酒水饮料总货值达11.15万元。据上海市市场监管局方面统计，本次集中销毁活动共销毁假冒伪劣食品1942.9千克、酒水饮料67.8升及假冒咖啡124箱、黄精纯粉153盒。本次联合行动罚没的其他物品，上海各区、各部门将陆续依法销毁。（每经网）
1472658,11/8/2019,北向资金连续12日净流入，今日分别净买入美的集团、五粮液超4亿元，净卖出万科A2.03亿元。
1471063,11/7/2019,北向资金今日净流入21.09亿元，连续11日净流入。五粮液、格力电器、海康威视分别获净买入2.48亿元、2.22亿元、1.91亿元。隆基股份净卖出额居首，金额为1.87亿元。
1456527,11/5/2019,【券商11月份看好食品饮料与科技板块，贵州茅台、五粮液等22股成热门标的】11月份迄今，已有13家券商推荐了106只11月份金股，五粮液、泸州老窖、珀莱雅、兴业银行、贵州茅台等22只个股成为众券商推荐热门标的，其中，五粮液、泸州老窖这两只白酒板块个股均被3家券商联合推荐。（证券日报）
1456315,11/4/2019,【北上资金今日净流入40.85亿 兴业银行净买入2.07亿】北上资金今日净流入40.85亿元。沪股通方面，兴业银行净买入2.07亿，青岛海尔净买入1.79亿。深股通方面，格力电器净买入2.92亿，五粮液净买入2.71亿。
1455386,11/4/2019,【中金：高端酒需求潜力巨大 建议布局五粮液、贵州茅台等】中金报告称，中国高端酒目前销量占比行业只有0.7%左右，需求潜力较大，建议战略布局五粮液、贵州茅台、泸州老窖及其他具备潜在高端放量能力的上市公司。
1451947,11/2/2019,【年内16只机构抱团股涨幅翻倍，上千机构入驻茅台】机构在三季度的持股版图浮出水面。闻泰科技、牧原股份、沪电股份、立讯精密、歌尔股份与五粮液等70家公司获机构连续两季抱团持有，持股机构数量均在100家以上。明星股贵州茅台持股机构数量最多，达1382家。中国平安和恒瑞医药持股机构数量分别有1259家和829家。市场表现来看，剔除今年上市新股，三季度末机构抱团股年内平均涨幅达70%，远远跑赢大盘。其中不少为今年的大牛股，贵州茅台、恒瑞医药、沪电股份、歌尔股份等16股年内涨幅翻倍。（证券时报）
1450591,10/31/2019,五粮液高开3.6%，公司前三季度实现净利润125.4亿元，同比增长32.11%。
1449226,10/30/2019,五粮液：前三季度实现净利润125.4亿元，同比增长32.11%。
1448559,10/29/2019,【北上资金今日净流入24.24亿 恒生电子净买入3.05亿】北上资金今日净流入24.24亿元。沪股通方面，恒生电子净买入3.05亿，贵州茅台净买入1.90亿。深股通方面，格力电器净买入11.78亿，五粮液净买入3.57亿。
1445959,10/27/2019,【减少“酒精依赖” 基金经理“控制酒量”】多家酒企披露的业绩不及预期，在基金层面也表现出对白酒股不再依赖的情况。贵州茅台被海外基金减持。其海外资金持股数量较二季度末也减少了552万股，目前持股总量为10057万股。易方达资产管理有限公司旗下的一只非公募产品也减持退出其前十大流通股东之列。酒鬼酒方面，华夏稳盛二季度末原本持有289万股，三季度末退出前十大流通股东之列。记者了解到，不少明星基金经理在三季度选择“控制酒量”，将收益落袋为安。以易方达中小盘混合基金为例，该基金最新规模为173.77亿元，三季报显示，明星基金经理张坤减持贵州茅台2.25万股、五粮液34.91万股、泸州老窖149.6万股。兴全合宜混合基金最新规模已超过356亿元，基金经理谢治宇在三季度将五粮液从该基金的前十大重仓股中移除。（北京青年报）
1445945,10/27/2019,【减少“酒精依赖” 基金经理“控制酒量”】多家酒企披露的业绩不及预期，在基金层面也表现出对白酒股不再依赖的情况。贵州茅台被海外基金减持。其海外资金持股数量较二季度末也减少了552万股，目前持股总量为10057万股。易方达资产管理有限公司旗下的一只非公募产品也减持退出其前十大流通股东之列。酒鬼酒方面，华夏稳盛二季度末原本持有289万股，三季度末退出前十大流通股东之列。记者了解到，不少明星基金经理在三季度选择“控制酒量”，将收益落袋为安。以易方达中小盘混合基金为例，该基金最新规模为173.77亿元，三季报显示，明星基金经理张坤减持贵州茅台2.25万股、五粮液34.91万股、泸州老窖149.6万股。兴全合宜混合基金最新规模已超过356亿元，基金经理谢治宇在三季度将五粮液从该基金的前十大重仓股中移除。（北京青年报）
1444728,10/26/2019,【北上资金大额抄底券商股，持续减持贵州茅台】本周，北上资金再次净买入逾35亿元，除去9月30日因假期原因，北上资金已经连续10周净买入A股，短短的两个多月合计净买入1070亿元，平均每个交易日加仓逾22亿元。北上资金巨资抄底券商股，华泰证券本周被北上资金净买入逾17亿元，为本周净买入最多的个股。北上资金本周整体大幅减持白酒股，贵州茅台、五粮液、山西汾酒、水井坊4只白酒股被净卖出超亿元。自3月初以来，北上资金持续减持贵州茅台，本周净卖出逾2.86亿元，持仓跌破1亿股，再创年内新低。（证券时报）
1444681,10/25/2019,【茅台超越平安 拿下基金头号重仓股宝座】天相数据显示，今年三季度，基金重仓领域包括金融、医药、消费等，增持对象以白马蓝筹股为主，另外还有信息技术等科技股。截至今年三季度末，贵州茅台、中国平安、五粮液、格力电器、立讯精密成为基金前五大重仓股。贵州茅台为基金增持最大的个股，基金持有贵州茅台总市值达到485.48亿元，而持有该股的基金数量也达到1156只，在个股中位居首位。（中国基金报）
1444571,10/25/2019,北上资金今日净买入五粮液6.73亿元、美的集团3.69亿元，净卖出中国平安10.90亿元、浦发银行4.29亿元。
1444396,10/25/2019,【陈光明旗下爆款基金十大重仓股曝光】10月25日，陈光明旗下睿远基金首只爆款公募产品——睿远成长价值混合发布三季报。季报显示，截至报告期末，睿远成长价值混合A份额净值为1.1000元，报告期内，该基金份额净值增长率为11.51%，同期业绩比较基准收益率为-0.79%，跑赢同期业绩比较基准12.3个百分点。截至三季度末，睿远成长价值混合仓位达89.30%，前十大重仓股分别是东方雨虹、立讯精密、万华化学、隆基股份、五粮液、国瓷材料、新和成、大族激光、凯利泰和千方科技。（中证报）
1444322,10/25/2019,【中信证券：坚定看好高端酒增长的高确定性】中信证券25日研报指出，本届秋糖会整体氛围较为平淡，并没有太大信息差，依然坚定看好高端酒增长的高确定性以及强势区域龙头的成长性。其中，近期茅台批价在2300-2450元，较前期有所提升，预计2019Q4经销商望提前执行2020年配额。五粮液近期批价在920-960元，旺季放量后略有回落，全年500亿销售目标实现概率极高。洋河库存降至2个月左右，预期筑底后迎来复苏。
1437483,10/18/2019,北向资金净流出逾12亿元，贵州茅台再遭净卖出4.81亿元，中国平安、五粮液遭卖出2.8亿元，美的集团获净买入1.38亿元。
1435917,10/15/2019,【北上资金今日净流入36.71亿 中国平安净买入5.31亿】北上资金今日净流入36.71亿元。沪股通方面，中国平安净买入5.31亿，招商银行净买入2.88亿。深股通方面，五粮液净买入3.57亿，美的集团净买入1.78亿。
1433778,10/12/2019,【消费税新政来袭白酒行业将受影响 茅台、五粮液又要涨价了】“白酒行业税收或将增加”的消息传出后，不少消费者担心白酒又要涨价了。对此，中国食品产业分析师朱丹蓬认为，中国白酒毛利率较高，加征12%左右的消费税，企业大多能够“内部消化”，转嫁到消费端的可能性不大。（中新经纬）
1432238,10/10/2019,白酒股开盘走弱，泸州老窖、五粮液、酒鬼酒、舍得酒业一度跌近3%。
1430892,10/8/2019,【华为与五粮液签署战略合作协议】双方将充分发挥各自优势，成立战略合作推进小组，在云基础设施和服务、大数据与人工智能技术、网络信息安全体系建设，以及智慧园区、智能制造、企业文化建设、人力资源管理、市场营销管理等等开展深入合作，共同推动双方数字化转型进程，为客户带来更优质的产品和服务。
1430815,10/8/2019,北上资金今日净买入五粮液6.89亿元、美的集团6.51亿元，净卖出中国国旅2.93亿元、贵州茅台2.58亿元。
1430589,10/8/2019,  酿酒板块集体走强，今世缘涨超6%，酒鬼酒、泸州老窖涨超4%，口子窖、五粮液涨超3%，贵州茅台、老白干酒等涨超2%。
1427292,9/30/2019,北上资金今日净买入格力电器0.95亿元、平安银行0.88亿元，净卖出五粮液4.48亿元、贵州茅台1.45亿元。
1425901,9/27/2019,  五粮液：董事会选举曾从钦先生为公司第五届董事会董事长。
1423895,9/25/2019,【贵州茅台市值称雄A股 中档白酒股强势崛起】昨日贵州茅台再次放量创历史新高。截至昨日收盘，贵州茅台涨3.05%，报收1184元，总市值高达14873亿元，超过工商银行市值14829亿元（剔除H股），成为A股市值最高的个股。14873亿元的市值，不但远远超过了白酒市值第二位五粮液5299亿元的市值，还超过了包括白酒、啤酒、黄酒、葡萄酒等在内的A股所有酒类上市公司的市值总和。在贵州茅台强势创新高的带动下，昨日酿酒板块指数大涨2.39%，也创历史新高，今年以来该指数累计上涨100.46%。盘面上也出现细微变化，那就是中档白酒股的崛起。金徽酒昨日涨停，股价突破3月以来形成的平台，创1年多以来新高；酒鬼酒也涨停，股价创近7年来的新高；山西汾酒、今世缘、顺鑫农业更是创出历史新高（复权）。（证券时报）
1423290,9/24/2019,北上资金今日净买入隆基股份1.91亿元、五粮液1.69亿元、工业富联1.51亿元，净卖出美的集团1.13亿元。
1422689,9/23/2019,北上资金今日净买入平安银行4.42亿元、五粮液1.55亿元，净卖出贵州茅台3.51亿元、中国平安2.94亿元。
1420549,9/20/2019,【北上资金今日净流入148.62亿 中国平安净买入4.39亿】北上资金今日净流入148.62亿元。沪股通方面，中国平安净买入4.39亿，贵州茅台净买入2.87亿。深股通方面，平安银行净买入11.91亿，五粮液净买入4.14亿。
1419092,9/19/2019,【茅台攻势凌厉 三大川酒上市公司布局应战】记者了解到，五粮液近期已完成对上市公司董事长的调整，2019年500亿元销售收入目标无压力；泸州老窖力求良性快速增长，发展高于行业平均值，高端产品欲迅速抢占市场；水井坊的愿景则是成为中国最可信赖、成长最快的高端白酒品牌。此外，四川高端白酒代表企业普遍认为，市场将茅台作为一种金融属性来炒作是不正常的，金融属性太重不一定是好事。（证券时报）
1414228,9/12/2019,【北向资金今日净流入32.95亿元 中国平安、招商银行获净买入均逾4亿元】9月12日，北向资金净流入32.95亿元。个股方面，五粮液、伊利股份净卖出额居前，分别为2.17亿元和1.53亿元；中国平安、招商银行、保利地产净买入额居前，分别为4.67亿元、4.41亿元和2.53亿元。
1414008,9/12/2019,开盘：两市高开沪指涨0.26％，白酒股延续弱势，五粮液、贵州茅台、泸州老窖等纷纷低开。
1413943,9/12/2019,【主力资金流出白酒股 消费板块抱团“松动”】昨日白酒概念股继续走弱，泸州老窖、五粮液跌幅居前。消费概念中其他板块如食品饮料也继续走弱。业内人士指出，从基本面来看，三季度业绩或对消费概念带来短期波动，但在基本面支撑下，龙头股长期趋势料依旧向好。（中国证券报）
1413669,9/11/2019,  北向资金今日净流入24.32亿元。招商银行、中国平安、格力电器净买入额居前，分别获净买入3.16亿元、2.75亿元、2.17亿元。五粮液净卖出额居首，金额为4.07亿元。
1413562,9/11/2019,快讯：午后白酒板块持续走弱，五粮液、泸州老窖跌逾5％，贵州茅台跌逾3％，山西汾酒、古井贡酒等纷纷走低。消息面，网传北京茅台价格大幅降价，券商实地调研表示中秋期间供给增大，经销商出货意愿加强。
1413463,9/11/2019,  白酒股全线走低，泸州老窖跌超5%，五粮液、古井贡酒跌逾3%。
1412222,9/10/2019,【北向资金今日净流入23.78亿元 宁德时代买入居前】北向资金今日再度净流入23.78亿元。宁德时代、伊利股份、格力电器净买入额居前，分别获净买入2.33亿元、1.87亿元、1.67亿元。五粮液净卖出额居首，金额为1.81亿元。
1411275,9/9/2019, 【二季度私募大佬新动向】王亚伟减持长期持有的三聚环保，但斌重仓的贵州茅台同样也降低了仓位，但但斌对白酒的青睐度依然没有下降，大举加仓五粮液和中国平安。（证券日报）
1410845,9/8/2019,【王石一行到五粮液集团考察 与李曙光刘中国深入交流】据五粮液官网，9月6日，万科集团董事局荣誉主席、深圳市社会组织总会会长王石率领总会会员一行到五粮液集团参观考察，并与集团公司党委书记、董事长李曙光，集团公司总经理、股份公司董事长刘中国等深入交流。双方一致认为，要进一步加强沟通交流，充分发挥各自产业和会员优势，以酒为媒，促进各领域更深层次的跨界合作，共同发掘和传播中国白酒文化，推动实现互利共赢。
1410816,9/8/2019,【14家川企上榜2019中国企业500强】近日，中国企业联合会、中国企业家协会发布2019中国企业500强榜单，四川有14家企业上榜，与去年相比新增一家。在四川的14家上榜企业中，排名140位的新希望集团有限公司和151位的四川长虹电子控股集团有限公司均跻身“千亿俱乐部”，在入榜川企中排名前二位。排名川企第三位的四川省宜宾五粮液集团有限公司，全国排名206位。（四川日报）
1410288,9/7/2019,五粮液公告称，曾从钦先生为公司第五届董事会董事候选人、董事长人选。
1410213,9/6/2019,  五粮液：因个人工作原因，傅南平先生申请辞去公司第五届董事会独立董事职务，该辞职申请将自公司股东大会选举产生新任独立董事后生效。
1409895,9/6/2019,北向资金单边净流入逾85亿元，今日净卖出中国平安7.69亿元，分别买入五粮液、招商银行6.73亿、5.42亿元；贵州茅台遭净卖出逾2亿元。
1409454,9/6/2019,【五粮液集团总经理刘中国退休，宜宾地方官员空降接任】从五粮液权威人士处获悉，五粮液集团公司总经理刘中国卸任，接替他的是原宜宾市翠屏区区委书记、临港经济开发区党工委书记曾从钦。据该人士透露，刘中国卸任系其已属于超龄服役，个人主动向组织提出卸任，卸任集团公司总经理后，刘中国将继续担任五粮液集团公司荣誉总经理，“上午集团公司刚刚开完干部会宣布这一消息，在相应流程走完后，集团公司会正式对外公布这一信息”。（每经）
1409392,9/6/2019,【五粮液集团总经理刘中国退休 宜宾市翠屏区区委书记接任】记者获悉，五粮液集团总经理刘中国今日退休，现任宜宾市翠屏区区委书记曾从钦接任，刘中国将出任五粮液股份公司名誉董事长。对此，五粮液内部人士回复记者称“正常退休”。
1408368,9/5/2019,【比较优势明显 消费板块仍是公募“心头好”】基金半年报显示，上半年，公募基金净买入金额前十名的股票包括五粮液、贵州茅台、格力电器、美的集团等多只消费股，白酒、家电、乳制品、猪肉仍受公募基金青睐。站在当前时点，多位基金经理表示，消费行业仍有明显的比较优势，以庞大内需驱动为背景的消费白马股仍将在中长期具有较好的成长空间。（中国证券报）
1408164,9/4/2019,北向资金连续5日净流入，今日招行银行、格力电器、中国平安均获净买入超3亿元，五粮液再遭净卖出超4亿元。
1406925,9/3/2019,【北向资金连续4日净流入】北向资金连续4日净流入，今日净买入海螺水泥3.6亿元，买入美的集团、海康威视逾两亿元；五粮液遭净卖出4.5亿元，中国平安被净卖出3.25亿元。
1406627,9/3/2019,投行Bernstein称，出于估值考虑将五粮液下调至与市场表现一致，并称了结获利时间已到。
1405811,9/2/2019,中金：五粮液上半年盈利增长体现了其较好的弹性，上调目标价25.7%至176元。
1404072,8/31/2019,【大盘一周波澜不惊 消费板块走出独立行情】本周A股三大指数波澜不惊，沪指围绕2900点震荡整理，但难掩个股赚钱效应，贵州茅台、五粮液、上海机场和中国国旅等多只个股本周创出历史新高。事实上，本月已经有70余只个股创出历史新高，指数波澜不惊，但个股行情精彩纷呈。市场人士继续看好以核心资产为代表的个股行情。（上海证券报）
1403797,8/30/2019,  五粮液：上半年实现净利润93.36亿元，同比增长31.30%。
1403623,8/30/2019,  白酒板块持续其强势，金种子酒直线封板，泸州老窖、青青稞酒大涨5%，今世缘、五粮液、水井坊集体跟涨。
1403605,8/30/2019,  白酒板块持续走强，贵州茅台、五粮液、泸州老窖均创历史新高。
1403231,8/29/2019,北向资金小幅净流入3.84亿元，今日净买入五粮液3亿元，买入美的集团2.16亿元；云南白药、招商银行、正邦科技均被净卖出超1亿元。
1403037,8/29/2019,【宜宾五粮液机场试飞成功 通航在即】29日上午05:50，一架由四川航空公司执飞的空客A320飞机从成都双流机场飞往宜宾五粮液机场，于06:52分平稳着落，标志着宜宾五粮液机场试飞成功。试飞成功后即将进行行业验收，获得4C等级机场使用许可证，宜宾五粮液机场通航在即。（四川在线）
1402357,8/28/2019,五粮液高开高走，截至发稿涨近2%，盘中最高触及135.49元，再度刷新历史新高。消息面上，中信证券将五粮液目标价上调至156元。
1402339,8/28/2019,【中信证券：上调五粮液目标价至156元】中信证券在其最新发布的研报中，将五粮液目标价上调至156元。中信证券称，五粮液品牌积淀深厚，全国化根基坚固。本次变革望全面彻底，持续兑现。看短，公司望量价轮动齐升，业绩确定性强；看长，寻求品牌价值再突破，浓香\/酱香王者比肩。维持“买入”评级。注：五粮液股价昨日大涨近4%，最高触及133.28元，刷新历史新高。
1401866,8/27/2019,北上资金今日净买入五粮液7.13亿元、万华化学3.93亿元，净卖出贵州茅台4.55亿元、恒瑞医药1.16亿元。
1401717,8/27/2019,白酒午后持续拉升，山西汾酒大涨7%，五粮液、酒鬼酒涨4%，口子窖跟随拉升。
1400923,8/26/2019,【五粮液与阿里巴巴签订战略合作，推动数字化转型】此次五粮液与阿里巴巴将在阿里云、天猫、零售通、金融、数字化营销及物流服务等展开合作：阿里云将支持五粮液构建数字化零售门店和生产检测，天猫和零售通将为五粮液拓展更高效的销售渠道和营销阵地，蚂蚁金服为五粮液对接更加高效的金融服务，菜鸟和钉钉支持五粮液构建智能化物流系统和以移动办公为基础的营销流程管理。同时，双方还就品牌及产品营销、共建数据平台及更大范围的数字化转型深入合作。（藤酒）
1397973,8/22/2019,  五粮液涨近2%，股价创历史新高，成交额超32亿。
1397251,8/21/2019,【 百亿级明星私募最爱行业龙头 】 多家第三方监测机构根据上市公司半年报最新统计显示，尽管二季度A股市场整体运行起伏不定，但多数百亿级明星私募在各自的重仓股方面，大多仍然在继续坚守。其中，医药、白酒、银行等行业的龙头公司，正在被多家明星私募重点持有。与此同时，包括贵州茅台、五粮液、中国平安、招商银行等一些投资者广为熟知的白马蓝筹等核心资产，目前也仍然被百亿级明星私募继续看好。（中证报）
1397187,8/20/2019,【 百亿级明星私募持股揭秘：王亚伟减仓三聚环保，高毅、景林、淡水泉坚守独门股 】 多数百亿级明星私募二季度继续坚守长期价值投资，包括贵州茅台、五粮液、中国平安、招商银行等白马蓝筹核心资产仍被重点持有。截至二季度末，高毅资产基金经理邓晓峰3只产品重仓持有光威复材2149万股，较一季度末时的持股量增加了617万股。高毅资产还重点持有金域医学、丽珠集团、康缘药业等个股。淡水泉投资重点持有了生益科技、启明星辰、丽珠集团等个股。上海老牌私募景林资产重点持有大华股份、五粮液等个股。王亚伟执掌的千合资本，二季度共计减持三聚环保540万股。（中证报）
1396440,8/19/2019,北向资金净流入78.48亿元创逾两个月新高，平安银行获净买入6.28亿元，五粮液、贵州茅台分获净买入3.57亿、2.8亿元，青岛啤酒遭净卖出1.85亿元。
1395932,8/18/2019,【苏宁818迎来收官冲刺战 荣耀、小米“围剿”苹果】苏宁818迎来收官冲刺战，今日中午，苏宁易购发布12小时半程战报。品牌争相追逐，悟空榜榜首多次易主，战况激烈。据悟空榜数据显示，截至18日中午12点，红星、洋河、泸州老窖成为销量最高的白酒品牌，销售额方面，五粮液夺冠，茅台、洋河步步紧逼。此外，空调销量榜数据显示，美的、格力、奥克斯三大品牌力居自营全渠道前三。苹果、华为等多款手机降价，“以旧换新”加持，消费者的购买热情被激发。红米Note7夺单品销量第一，iPhone XR、iPhone 8紧追其后。小米、荣耀系列产品表现抢眼，品牌销量额进入前三。
1394267,8/15/2019,  北向资金今日净流入1.38亿元。平安银行、万科A、五粮液净买入居前，分别获净买入2.02亿元、1.93亿元、1.21亿元。中国平安净卖出居首，金额为6.64亿元。
1391921,8/12/2019,北向资金净流入22.4亿元，连续三日净流入。今日大幅净买入平安银行12.76亿元，买入贵州茅台5.89亿元，买入五粮液4.2亿元。
1391700,8/12/2019, 白酒板块走高，金种子酒大涨7%，贵州茅台涨4%，酒鬼酒、五粮液、今世缘小幅跟涨。
1389546,8/10/2019,【北上资金抄底白酒股 大额减持中国平安】金融股本周则被北上资金大幅减持，四大商业银行全数被净卖出，净卖出金额前3位的都是金融股。中国平安被净卖出16.58亿元、招商银行被净卖出6.8亿元、兴业银行被净卖出6.57亿元，包揽本周北上资金净卖出金额前3位。经过5个月的持续减持后，北上资金本周斥资8.5亿元增持五粮液逾716万股，为本周北上资金净买入金额最多的个股。（证券时报）
1389283,8/9/2019,北向资金今日净流入13.94亿元。平安银行、美的集团、五粮液净买入居前，分别获净买入5.09亿元、2.93亿元、2.47亿元。中国平安净卖出居首，金额为3.25亿元。
1387065,8/5/2019,五粮液：上半年实现营业收入271.5亿元左右，净利润为93亿元左右。
1384516,8/1/2019,北上资金今日净买入温氏股份2.11亿元、中国太保1.82亿元、保利地产1.4亿元，净卖出贵州茅台6.76亿元、中国平安3.12亿元，东方财富、海康威视、涪陵榨菜、五粮液均遭逾1亿元抛售。
1383548,7/31/2019, 【北向资金今日净流出4.99亿元 温氏股份逆市获净买入1.1亿元】北向资金今日净流出4.99亿元。贵州茅台、五粮液、保利地产净卖出居前，分别遭净卖出2.34亿元、1.8亿元、1.78亿元；温氏股份逆市获净买入1.1亿元。
1383546,7/31/2019,北上资金今日净买入温氏股份1.10亿元、兴业银行0.99亿元，净卖出贵州茅台2.34亿元、五粮液1.80亿元、中国平安1.4亿元、恒瑞医药1.06亿元。
1382410,7/29/2019,北上资金今日净买入五粮液8.02亿元、温氏股份2.03亿元，净卖出中国平安4.34亿元、伊利股份2.06亿元。
1382223,7/29/2019,【沪股通净流出8.74亿 深股通净流入7.55亿】截至沪深股市午间收盘，资金流如下：沪港通资金流向方面，沪股通净流出8.74亿，港股通（沪）净流入暂为8.35亿。深港通资金流向方面，深股通净流入7.55亿，港股通（深）净流入暂为5.99亿。沪股通中资金流入最多的为贵州茅台，净流入1.33亿，其次为恒瑞医药、用友网络、长电科技、大名城。资金流出最多的为华泰证券，净流出1.66亿。深股通中资金流入最多的为五粮液， 净流入1.42亿，其次为牧原股份、通富微电、美的集团、美尚生态。资金流出最多的为东方财富，净流出2.01亿。
1382171,7/29/2019,【第七代五粮液批价有望突破980】截至7月26日，第七代五粮液在川渝市场的一批价在960元\/瓶左右，有些商家一批价已经达到了970元\/瓶。华东市场有经销商表示，五粮液今“一天一个价”的节奏，目前第七代批价已经在960元以上。未来一段时间，随着中秋、国庆旺季的到来，持续紧俏的第七代五粮液，一批价大概率会突破980元\/瓶，并有望冲破1000元。（酒说）
1380611,7/25/2019,  北上资金今日净买入招商银行2.43亿元、贵州茅台2.06亿元，净卖出大族激光4.18亿元、五粮液3.77亿元。
1379743,7/24/2019,【五粮液计划携手全球酒业巨头 开辟白酒海外市场】五粮液集团董事长李曙光在接受采访时称，公司在寻求与全球酒业巨头合作，向美国、俄罗斯等市场推出白酒。这将大力推动五粮液走向全球。他表示，公司需要与世界各地业内顶级企业合作沟通，将五粮液打入国际市场。当问及是会考虑与欧洲酒业巨头帝亚吉欧合作时，李曙光表示当然会考虑这种机会。李曙光表示，公司考虑在部分国家投资建厂，将中国的酿造技术与当地资源相结合，希望将西化的中国白酒卖给更多客户。但他未透露投资计划的时间表。（彭博）
1378979,7/23/2019,北上资金今日净买入保利地产2.31亿元、三一重工2.07亿元，净卖出五粮液5.02亿元、贵州茅台4.24亿元。
1378822,7/23/2019,【白酒股早盘下跌 分析称水井坊业绩不及预期引发行业竞争担忧】白酒股今日走弱，水井坊一度下跌6.8%，创逾两个月来盘中最大下跌；泸州老窖一度跌7.5%，在沪深300主要消费指数中表现最差。截至午盘收盘，水井坊下跌5%，泸州老窖下跌6%，洋河股份下跌3.1%，五粮液下跌3%，古井贡酒下跌2.1%，山西汾酒下跌2.2%，贵州茅台下跌1%。
1378786,7/23/2019, 白酒板块早盘集体下挫，泸州老窖大跌7%，水井坊跌6%，口子窖、今世缘、五粮液、古井贡酒纷纷走弱。
1378152,7/22/2019,【基金“密集消费”茅台 二季度1122只基金持仓环比增54%】一季度，中国平安有846只基金持有，二季度猛增至1243只，贵州茅台一季度有727只持有，二季度有1122只，分别环比增长46.9%和54%。贵州茅台和五粮液仅次于中国平安，成为公募基金第二和第三大重仓股，持股总市值分别为569亿元和381亿元。五粮液今年年内涨幅达215.7%，贵州茅台年内升幅达63.55%，从二季报看，易方达消费行业、易方达中小盘是持有贵州茅台和五粮液最多的主动权益类基金，易方达从而也成为持有两只股票最多的基金公司。（证券日报）
1378147,7/22/2019,【中国平安蝉联基金头号重仓股 获1243只基金“抱团”加持】中国平安蝉联了二季度的基金头号重仓股，无论是持股基金数量还是基金持股市值均在沪深两市3600余家上市公司中排名第一。今年二季度末，共有1243只基金重仓持有该股，合计持股市值达到749.48亿元。截至今年二季度末，公募基金的前十大重仓股分别是中国平安、贵州茅台、五粮液、伊利股份、格力集团、招商银行、美的集团、中信证券、兴业银行和工商银行。（证券日报）
1377862,7/20/2019,【二季度基金仓位微降 重点布局“大白马”】131家基金公司2019年二季报数据全部披露完毕。总体来看，二季度权益类基金更多依靠调整持仓结构应对市场震荡，整体仓位变动不大，持仓结构则有所调整，增持股票排名前五的是贵州茅台、五粮液、格力电器、中国平安、美的集团。据数据显示，二季度末可比的2625只偏股基金平均股票仓位为71.40%，较今年一季度末下滑0.72个百分点。此外股票型基金仓位达到88.17%，较一季度末下滑了0.42个百分点。
1377844,7/20/2019,【二季度基金仓位微降 重点布局“大白马”】131家基金公司2019年二季报数据全部披露完毕。总体来看，二季度权益类基金更多依靠调整持仓结构应对市场震荡，整体仓位变动不大，持仓结构则有所调整，增持股票排名前五的是贵州茅台、五粮液、格力电器、中国平安、美的集团。这些白马大蓝筹二季度平均涨幅超过13%。（证券时报）
1377825,7/20/2019,【公募基金二季度利润395亿元，长期看好行业优质龙头】7月19日，公募基金二季报披露完毕。从整体看，公募基金股票仓位小幅下降。二季度市场操作难度加大，据天相投顾统计，二季度全部7599只公募基金利润共计395.56亿元，比一季度缩减明显。从具体调仓情况看，公募基金二季度累计增持最多的两大个股是贵州茅台、五粮液，减持最多的是海康威视。基金经理纷纷表示，在当前市场背景下，长期看好具有中长期逻辑支撑的行业龙头。（中证网）
1377498,7/19/2019,北向资金今日净流入近62亿元，本周累计净流入逾93亿元。中国平安、贵州茅台、五粮液分别获净买入4.15亿元、3.92亿元、3.89亿元。大族激光净卖出居首，金额为4.4亿元。
1377423,7/19/2019,【基金二季度重仓股出炉 中国平安稳居头号重仓股】公募基金二季报披露完毕。统计2538只积极投资偏股型基金数据显示，中国平安稳居第一大重仓股，基金持有总市值高达415.9亿元。中国平安二季度涨幅16.58%，7月份以来下跌2.12%。此外，前十大重仓股还有贵州茅台、五粮液、格力电器、伊利股份、美的集团、招商银行、泸州老窖、立讯精密、长春高新。与一季报统计结果的对比显示，美的集团、泸州老窖为二季度新进入的基金前十大重仓股。
1377351,7/19/2019, 【上半年主动股票型基金收益冠军持仓曝光 前三大重仓股均为白酒】今日，以56.33%的净值增长率获得2019年上半年主动股票型基金收益冠军的易方达消费行业公布了二季报。截至二季度末，易方达消费行业的股票仓位为87.5%，前十大重仓股为五粮液、贵州茅台、泸州老窖、美的集团、格力电器、顺鑫农业、古井贡酒、山西汾酒、永辉超市、伊利股份。（中证网）
1376286,7/18/2019,【第八代普五终端或涨价，内部人士：市场行为，出厂价未变】昨日记者获悉，自8月起，五粮液旗下主力产品第八代经典五粮液零售价将有望超过1400元\/瓶。对此，五粮液内部人士向记者表示，零售价上涨并非官方行为，是市场自发行为，出厂价格并未发生变化。（新京报）
1375484,7/17/2019,【北上资金今日净流入17.51亿】北上资金今日净买入三一重工2.15亿元、招商银行1.47亿元，净卖出五粮液1.48亿元、贵州茅台1.45亿元、海康威视1.27亿元、中信证券1.06亿元。
1375345,7/17/2019,【前海中国稀缺资产混合A基金十大重仓股曝光】作为上半年业绩最好的基金之一，前海中国稀缺资产混合A基金以近58%的净值增长率排名混合型基金前三。日前，前海开源中国稀缺资产公布的二季报显示，截至二季度末，该基金股票仓位为72.99%，前十大重仓股为山东黄金、片仔癀、五粮液、贵州茅台、长春高新、山东药玻、重庆啤酒、顺鑫农业、云南白药、我武生物。（中证网）
1375225,7/17/2019, 【五粮液经典款8月再涨价：零售价要涨200元升至1399元】从多处经销商方面确认，第八代经典五粮液（第八代普五）确定上调终端零售价，从1199元\/瓶上调至1399元\/瓶。第八代普五于今年6月上市，当时公布的终端建议零售价为1199元\/瓶，但短短两个月后，第八代普五的终端零售价就将上调200元。上海一家五粮液经销商表示：“（五粮液）属于商务酒，平时消费者不喝，对比茅台的价格，市场还是能接受的。”（澎湃）
1375215,7/17/2019,  五粮液将对第八代经典五粮液进行调价，自8月1日起，第八代经典五粮液零售价从1199元\/瓶上调至1399元\/瓶。（北京商报）
1375209,7/17/2019,【五粮液连开7张罚单严管渠道】自上市以来，第八代经典五粮液在终端市场持续保持旺销状态，目前终端零售价格已将近1400元。近日，宜宾五粮液股份有限公司联合督导组先后开出7张罚单。4家经销商被取消经销权，4家经销商被处罚，3个营销基地总经理被留职察看。对此，业内人士指出，此举有利于加速营销数字化转型，进而助力五粮液“1+3”产品策略。（北京商报）
1374517,7/16/2019,【公募基金二季报披露拉开序幕 消费和金融等行业龙头仍受基金经理青睐】天弘基金、泰达宏利、鹏扬基金、上投摩根基金等逾20家基金公司披露旗下基金的二季报。记者梳理发现，金融、消费等行业的龙头股仍受公募基金青睐。根据已经披露二季报的基金持仓来看，中国平安、贵州茅台、五粮液、招商银行、长春高新、伊利股份、格力电器、中信证券、美的集团、温氏股份等个股，进入部分基金的前十大重仓股。（中国证券报）
1374069,7/15/2019, 第八代经典五粮液上市两月表现坚挺，终端价不断上升，预计8月初或将逼近1400元大关。（云酒头条）
1374040,7/15/2019,酿酒板块全线回调，贵州茅台跌近3%，五粮液跌近2%。
1373717,7/14/2019,【1-5月四川省累计生产白酒152万千升 同比增长9.6%】7月12日，由四川中国白酒金三角酒业协会主办，五粮液集团承办的2019年四川白酒行业年会在宜宾举行。四川省经济和信息化厅冯锦花副厅长在致辞中表示，2019年1-5月，全省累计生产白酒152万千升，同比增长9.6%，占全国的40%；重点监测企业主营业务收入同比增长近10%，利润同比增长约24%。“六朵金花”也持续保持快速增长势头，重点产品呈现“量价齐升”的良好态势。
1373325,7/12/2019,【光大证券：长周期看 白酒是国内所有消费品行业最好赛道之一】光大证券指出，年初以来基本面预期修正+估值修复推动板块超额收益，当前时点公司估值普遍在合理区间，白酒行业进入中秋旺季动销观望期，重点观测茅台直营放量之后的批价表现及五粮液挺价之后的动销反馈。由于板块估值和预期未明显高估，叠加MSCI增量资金入市及增值税税率下调等潜在利好，给予白酒行业“买入”评级。长周期来看，白酒是国内所有消费品行业最好的赛道之一，是最佳长期配置板块之一。
1370672,7/9/2019,北上资金今日净卖出五粮液2.74亿元、海康威视2.71亿元、新城控股2.24亿元，保利地产、贵州茅台、上海机场遭抛售逾1亿元。
1370045,7/8/2019,【北向资金今日净卖出36.06亿 中国平安净卖出7.08亿】北上资金今日净流出36.06亿元。沪股通方面，中国平安净卖出7.08亿，贵州茅台净卖出2.91亿。深股通方面，五粮液净卖出4.57亿，海康威视净卖出3.75亿。
1370045,7/8/2019,【北向资金今日净卖出36.06亿 中国平安净卖出7.08亿】北上资金今日净流出36.06亿元。沪股通方面，中国平安净卖出7.08亿，贵州茅台净卖出2.91亿。深股通方面，五粮液净卖出4.57亿，海康威视净卖出3.75亿。
1368673,7/5/2019,【五粮液：拟逾4亿元实施酿酒专用粮工艺仓及磨粉自动化改造项目】五粮液(000858)7月5日晚间公告，董事会同意公司实施酿酒专用粮工艺仓及磨粉自动化改造项目，总投资估算为4.14亿元；同意公司实施红坝新园区配套基础设施建设项目，总投资估算为6.55亿元。
1368639,7/5/2019,  北上资金今日净买入五粮液3.11亿元、温氏股份1.82亿元，净卖出海康威视2.59亿元、上海机场2.5亿元。
1368423,7/5/2019,【3000关口上演争夺战 融资资金押宝大消费】周四A股延续缩量调整，沪指强守住3000点整数关口。消费白马股高位回调，是带动近期指数走弱的重要诱因。但在近期消费股的调整过程中，却有一路沉寂许久的资金悄然躁动。数据显示，7月1日至3日，沪深两市融资余额呈三连增，累计增加92.45亿元。从资金流向看，融资资金加仓目标直指大消费龙头。1日至3日，五粮液、贵州茅台分获融资净买入6.37亿元和5.97亿元，高居所有两融标的股前两位。（上海证券报）
1368200,7/4/2019,  北上资金今日净买入贵州茅台3.73亿元、五粮液3.33亿元、海螺水泥、洋河股份逾2亿元，净卖出海康威视5.39亿元、上海机场3.47亿元。
1367819,7/4/2019,【 北上资金调仓换股，减持白马拥抱成长 】 进入本周，北上资金一方面继续大举卖出贵州茅台、五粮液、上海机场等股价创新高的白马股，另一方面大幅加仓高股息率的银行股和中报大幅预增的成长股。黄金价格的大涨，令市场对黄金股的中报与三季报增长预期空前强烈。北上资金也大幅增仓黄金股，6月北上资金持有黄金股市值大幅增长93.98%，是所有行业中增持幅度最大的。另外，高股息率的交通银行、光大银行、农业银行、中国银行等银行股本周以来也被北上资金大幅增持。（证券时报）
1367620,7/3/2019,北向资金今日净流出近5亿元，蓝筹股再遭抛售，五粮液遭净卖出6.41亿元，中国平安、海康威视均遭卖出逾4亿元。
1367523,7/3/2019,白马股午后集体下挫，千禾味业、恒顺厨业均大跌5%，贵州茅台、五粮液跌超4%，香飘飘、安井食品、绝味食品等个股纷纷走低。
1366686,7/3/2019,【券商喊话中报行情 有望催动A股“七翻身”】正式跨入下半年，多家机构喊出“七翻身”行情，投资者热情攀升，券商趁势密集推出7月份金股及市场研判。目前，已有11家券商推荐89只7月份金股，五粮液、中兴通讯、中信证券、山东黄金、泸州老窖、汇顶科技成为众券商推荐热门标的，其中，五粮液被5大券商联合推荐。从本月券商市场研判来看，部分券商认为，中报行情有望催动A股“七翻身”；另有部分券商认为，重返牛市很难一蹴而就，A 股未来大概率还将维持震荡格局。（证券日报）
1366453,7/2/2019,北上资金今日净买入平安银行3.11亿元、中兴通讯2.44亿元，净卖出中国平安6.23亿元、五粮液5.67亿元。
1365259,7/1/2019,【白马股持续受追捧 多只白酒股创历史新高】早盘家电、白酒、保险、食品饮料等绩优板块持续受资金追捧，贵州茅台、五粮液、古井贡酒等个股股价均创历史新高，此外，格力电器大涨5%，中国平安涨逾3%。
1365253,7/1/2019,五粮液大涨5%，股价最高至123.90元，再度刷新历史新高。中金预计公司具备价格提升空间，将目标价上调3.6%至145元，维持跑赢大盘评级。
1365228,7/1/2019,【中金：调高五粮液目标价 公司具备价格提升空间】中金调高五粮液目标价，相信强劲需求将为五粮液提升价格打开空间。中金报告表示，通过对渠道商的跟踪调研，公司认为五粮液处于进一步的量价齐升周期，核心来源于大众需求崛起，产品竞争力提升。最近2-3个月间销售势头良好，五粮液酒类产品团购价格上涨近200元。中金将目标价上调3.6%至145元，维持跑赢大盘评级。
1365130,6/30/2019,【洋河股份董事长王耀一行考察五粮液集团】据五粮液消息，6月28日，苏酒集团（洋河股份）党委书记、董事长王耀等一行到五粮液集团参观考察。王耀一行先后到五粮液环保生态湿地、523酿酒车间、鹏程广场、酒圣山等地，边实地参观考察，边深入沟通交流。双方一致认为，五粮液和洋河都是中国名优白酒企业，要进一步深化交流，加强合作，携手推动中国白酒产业高质量发展；同时，要进一步加强创新，坚持传统与创新相结合，为大国浓香做出新贡献。
1363574,6/27/2019,五粮液涨逾3%，股价报117.50，再度刷新历史新高。
1363549,6/27/2019,白酒板块早盘走强，迎驾贡酒涨6%，泸州老窖、水井坊、古井贡酒、五粮液等纷纷走强，贵州茅台上涨1.6%，股价报995.68元。
1362346,6/26/2019,  五粮液：宜宾市国资公司拟划转0.37%股份给五粮液集团，本次划转不会导致公司控股股东、实际控制人发生变化。
1361416,6/25/2019,北上资金今日净卖出招商银行9.68亿元、贵州茅台2.32亿元，净买入中信证券、五粮液、格力电器逾1亿元。
1361090,6/25/2019,【白酒板块今年以来市值增近万亿元】6月24日，白酒股集体强势上攻，两大龙头五粮液和贵州茅台股价均创历史新高。数据显示，白酒板块年初以来涨幅已高达75.19%，最新总市值已达2.29万亿元，相较于年初，其总市值增加逾9600亿元。市场人士分析，随着A股“入富”等因素发酵，一直受外资青睐的消费板块仍有望保持向上势头，而白酒板块强势行情也有望继续演绎。（中证报）
1359616,6/21/2019,【中泰证券：系列酒有望成为五粮液又一增长引擎】中泰证券发文称，近期参加了五粮液系列酒经销商沟通会议，这是继高端酒普五价格梳理到位后迎来的又一次改革进程，公司将原三大系列酒公司合并为一家，邹涛出任新系列酒董事长。系列酒是公司主业的重要组成部分，此次合并将有助于改变过往系列酒品牌各自为政、分散作战、过度透支主品牌的问题。目前五粮液腰部品牌较为缺失，看好新公司加大市场投入有利于形成腰部大单品，系列酒有望成为公司又一增长引擎。
1359035,6/20/2019,北向资金连续4日净流入，今日净买入工商银行3.4亿元，五粮液获净买入2.6亿元；招商银行则遭净卖出超3亿元。
1358824,6/20/2019,五粮液涨近6％，股价创历史新高。
1358812,6/20/2019,【五粮液、中国平安等盘中股价创历史新高】权重股走强，多股盘中刷新历史新高，截至发稿，据wind统计创新高个股包括：五粮液、中国平安、上海机场、迈瑞医疗，昨日创新高的招商银行、中国国旅再创新高。
1358032,6/19/2019,【四川震区上市公司回应灾情：生产经营正常】据中国地震台网测定，在四川宜宾市长宁县发生6.0级地震，震源深度16千米。五粮液、天原集团、浪莎股份、宜宾纸业等多家上市公司位于宜宾，目前相关公司均已表示，公司生产经营正常，地震对公司没有影响。其中，五粮液、泸州老窖、新希望等四川上市公司已启动紧急预案，向灾区提供救援物资和帮助。（证券时报）
1357588,6/18/2019,【五粮液集团：捐款2000万支持长宁震区抗震救灾和灾后重建】记者获悉，6月17日22时55分，长宁县发生6.0级地震，造成人员伤亡和财产损失。五粮液集团公司研究决定捐款2000万元，帮助震区抗震救灾和灾后重建。（证券时报）
1357540,6/18/2019,【高端白酒获机构抱团 估值高过创业板 风险开始显现】据彭博，今年以来，主要消费类以逾50%的升幅在沪深300分类指数中领涨。主要消费类中的白酒企业贵州茅台、五粮液和生猪产业链上的新希望、牧原股份，合计对指数涨幅的拉动将近八成。数据显示，五粮液未来12个月的预期市盈率已经达到22倍，贵州茅台也有25倍，都超过了高估值、高成长属性的创业板指数。五粮液和贵州茅台今年遭遇陆股通净卖出的金额分别达到94亿元和14亿元，在所有北向标的中分居第一和第六。
1357483,6/18/2019,  五粮液、天原集团、浪莎、宜宾纸业称地震尚无影响：生产正常。（澎湃）
1357325,6/17/2019,【 四川宜宾发生6级地震，这些上市公司地址在宜宾 】 据中国地震台网正式测定，06月17日22时55分在四川宜宾市长宁县发生6.0级地震。据初步统计，目前办公地址在四川省宜宾市的上市公司有天原集团、浪莎股份、宜宾纸业、五粮液等。
1357147,6/17/2019,北向资金今日净流入5.07亿元；南向资金连续15个交易日买入港股，净流入16.2亿元。北上资金今日净买入贵州茅台1.25亿，海康威视3.40亿元，五粮液2.62亿元。
1356520,6/15/2019,【五粮液补系列酒短板，整合成立新的系列酒公司】从五粮液系列酒经销商沟通会上获悉，五粮液股份公司在原宜宾五粮液系列酒品牌营销有限公司、原宜宾五粮醇品牌营销有限公司、原宜宾五粮特头曲品牌营销有限公司基础上，整合成立了新的系列酒公司，统筹管理公司系列酒品牌。 （中证报）
1355509,6/13/2019,【五粮液整合系列酒公司，邹涛兼任董事长】6月12日，五粮液集团消息，自今年2月五粮液营销改革开启以来，五粮液对公司营销系统、产品体系等进行了大刀阔斧的改革，近日再出新举措——将原宜宾五粮液系列酒品牌营销有限公司、原宜宾五粮醇品牌营销有限公司、原宜宾五粮特头曲品牌营销有限公司整合为一家公司，统筹管理五粮液系列酒品牌。集团公司副董事长、股份公司常务副总经理邹涛兼任整合后的五粮液系列酒公司董事长。（人民网）
1354303,6/12/2019,【高端白酒集体涨价 江西两品牌跟涨】近日高端白酒集体涨价，江西本土品牌四特酒的十五年四特零售价调整为700元\/瓶，李渡1955零售价也上调至770元\/瓶。淡季不淡，接力涨价已成为今年白酒行业的趋势。从五粮液、郎酒到汾酒，再到近期的剑南春等，这一轮白酒涨价不但具有普遍性，而且正在从高端白酒逐渐向下传导，次高端品牌也加入其中。有业内人士认为，白酒正在进入“快奢品”时代。（信息日报）
1354055,6/11/2019,  【五粮液一主管被开除党籍：长期收受服务对象礼金】6月11日，记者从宜宾市纪委监委获悉，日前，经宜宾市纪委监委指定管辖，珙县纪委监委对四川省宜宾五粮液集团有限公司、宜宾五粮液股份有限公司投资技改部招投标管理室原主管熊仕霖严重违纪违法问题进行了立案审查调查。经查，熊仕霖身为国有企业管理人员，理想信念丧失，法纪意识淡薄，长期收受管理和服务对象礼金；利用职务上的便利为他人谋取利益并收受财物。
1353885,6/11/2019,  【北向资金连续六日净流入 六月份以来净流入超240亿元】北向资金今日净流入69.45亿元，为连续第六个交易日净流入，六月份以来累计净流入244.50亿元。今日，贵州茅台净买入10.87亿元；海螺水泥净买入5.12亿元；三一重工净买入2.06亿元；五粮液净买入1.91亿元。
1353003,6/10/2019,【中信建投：白酒龙头批价处于高位，涨价频传，板块基本面优异】中信建投指出，近一个月以来，白酒掀起涨价潮，五粮液、老窖、洋河、汾酒等分别提高了终端终端供货价。高端白酒龙头茅台，五粮液也在近一个月内持续上涨，茅台批价全国范围内已经超过2000元，五粮液超过900元，较年初以来都有较大涨幅。茅台、五粮液两大龙头批价始终处于高位，为其他名优白酒提价创造了有利土壤，继续看好白酒板块投资机会，坚定看多白酒板块中优质龙头标的。
1352017,6/7/2019,【白酒再掀涨价潮：飞天茅台“一天一个价” 有经销商不敢标价】白酒市场在淡季也呈现一片“繁荣”景象，以飞天茅台为代表的高端白酒开启了一波强势涨价潮。在走访北京各大酒水销售终端后发现，53度飞天茅台零售价已从2100元涨到2400元，相较今年3月的1850元，上涨幅度达近30%。与此同时，相关消息显示，五粮液、洋河、国窖、古井贡酒等也纷纷上调了部分产品出厂指导价和零售指导价。北京茅台某直营专卖店销售人员表示，“现在的飞天茅台一天一个价，我们都不敢标价，昨天一天就涨了60块。”（中新社）
1348942,6/4/2019,【截至午盘：沪股通净流入3.54亿 深股通净流入2.26亿】沪股通中资金流入最多的是海通证券，净流入0.43亿，其次为鼎信通讯、山东黄金、西藏珠峰、农业银行。资金流出最多的是贵州茅台，净流出3.86亿。深股通中资金流入最多的是中信国安，净流入0.7亿，其次为美尚生态、国脉科技、东山精密、沪电股份。资金流出最多的是五粮液，净流出4.76亿。
1346627,6/3/2019,【名酒竞相调价紧追茅台 因为“不涨就要掉队”】今年的淡季涨价，似乎较往年来得更凶猛一些。今年5月以来，五粮液、泸州老窖、郎酒等酒企先后上调核心单品价格。名酒的市场价格也高企不下，茅台部分地区终端价格甚至达到2300元\/瓶，五粮液终端零售价也在每瓶千元以上。一位销售名优白酒多年的经销商也认为，五粮液、泸州老窖及郎酒等都争相提价，一方面是希望抢占茅台价格跃升后的市场红利，但另一方面也是“不敢不涨，不涨就要掉队”。（每日经济新闻）
1346584,6/3/2019,  【名酒竞相调价紧追茅台 因为“不涨就要掉队”】今年5月以来，五粮液、泸州老窖、郎酒等酒企先后上调核心单品价格。名酒的市场价格也高企不下，茅台部分地区终端价格甚至达到2300元\/瓶，五粮液终端零售价也在每瓶千元以上。端午节前夕，《每日经济新闻》记者走访白酒市场发现，有经销商表示，部分品牌的涨价已经实现顺价销售，消费者认可度高，而有部分品牌在提价后又通过折价或买赠等方式给予消费者优惠。（每日经济新闻）
1346534,6/2/2019,【高端白酒集体涨价，切莫一厢情愿脱离消费者】淡季不淡，接力涨价已经成为今年白酒行业的典型现象。从五粮液、郎酒到汾酒，再到近期的剑南春等，这一轮白酒涨价不但具有普遍性，而且正在从高端白酒逐渐向下传导，次高端品牌也在加入其中。近期甚至有研报称，白酒正在进入“快奢品”时代，高端白酒将超越千元。但让人不禁担心，白酒频频单方面涨价，切莫变成一厢情愿而远离消费者。（一财）
1346396,6/2/2019,【五粮液最新官方零售价出炉：第八代1199元、第七代1399元】今日，从多位五粮液大商处获悉，6月1日起，普五、交杯和1618、收藏版将执行全新的零售价格体系。其中：第八代经典装五粮液（500ml，52°）全国统一零售价1199元\/瓶；第七代五粮液收藏版（500ml，52°）全国统一零售价1699元\/瓶；第七代五粮液（500ml，52°）全国统一零售价1399元\/瓶。
1345708,5/31/2019, 5月北上资金净流出536.73亿元，创历史最大月度净流出记录。个股方面，贵州茅台今日被净卖出3.28亿元，五粮液被净卖出2.75亿元。
1344990,5/30/2019,北上资金今日净卖出贵州茅台、格力电器逾2亿元，美的集团、海康威视、五粮液逾1亿元；净买入海天味业1.55亿元。
1343851,5/29/2019,北向资金今日净流出32.5亿，今日净卖出中国平安5.27亿元、贵州茅台2.5亿元，净买入五粮液、温氏股份逾1亿元。
1343849,5/29/2019,北上资金今日净卖出中国平安5.27亿元、贵州茅台2.5亿元，净买入五粮液、温氏股份逾1亿元。
1343220,5/28/2019,  【飞天茅台终端价直逼2400元】走访河南、深圳调查发现，近日包括茅台、五粮液、洋河等在内的高端白酒价格普遍调涨，53度飞天茅台终端叫价直逼2400元\/瓶，接近2012年时的历史高点。（证券时报）
1343141,5/28/2019,28日北上资金全天净买入55.67亿元，一举逆转近期持续净流出之势。贵州茅台被净卖出4.92亿，中国平安获买入10.89亿，五粮液、万科A分别获净买入1.55亿、2.75亿。
1342875,5/28/2019,中金：建议未来5-10年重仓投资贵州茅台和五粮液，因强劲需求将带来量价齐升，未来10年营收有望增加10倍以上。
1342829,5/28/2019,【淡季白酒纷纷涨价 寄望旺季收获更多】炎炎夏日，本是白酒的淡季，五粮液、洋河、汾酒、酒鬼酒等白酒近期却纷纷传出终端供货价上调的消息。27日，国窖公司华北大区发布停货、涨价文件。市场认为，中高端白酒借提价打开市场增长空间，维持较高景气度。中银国际研报认为，本轮涨价以上调终端供货价为主，淡季挺价试水市场承接能力。若能够顺利挺价，后续出厂价可跟进上调，进而体现在报表业绩中。（上海证券报）
1342446,5/27/2019,【五粮液：目前经销商库存水平较低】五粮液接受机构调研时表示，第八代五粮液将于6月份进入消费终端。目前，公司产品市场动销情况良好。2019年，五粮液全年计划投放量2.3万吨，目前经销商库存水平也较低。伴随着消费升级及人们对美好生活的追求，预计下半年高端白酒消费将持续向好。
1342403,5/27/2019,【部分白酒涨价后折价出售 没有达到提价效果】近期，五粮液、洋河、泸州老窖、郎酒、古井贡酒、山西汾酒纷纷上调部分产品出厂价和零售指导价，预示着高端白酒迎来新一轮涨价潮。不过记者发现，包括53度500ml青花郎、国窖1573在内的不少高端白酒均在打折出售，远没有达到提价效果。在此轮涨价操作中，山西汾酒、泸州老窖被指“跟风涨价”，青花郎对标飞天茅台也被认为是一厢情愿。（新京报）
1342378,5/27/2019,  北向资金今日净流出19亿，为连续第8日净卖出。个股方面，贵州茅台被净卖出7.26亿，海康威视、五粮液、美的集团、平安银行分别被卖出2.95亿、2.86亿、4.07亿、3.6亿元。
1339262,5/23/2019,【高端白酒淡季涨价 头部品牌集中度将会越来越高】虽然二季度是白酒销售淡季，但产品涨价却蔚然成风。近期，五粮液、洋河、郎酒等一线白酒品牌涨价不停。其中，五粮液在近期的股东大会上明确了第七代经典五粮液（普五）于5月21日下线，第八代“普五”将在6月上线，且第八代“普五”的出厂价为889元，比第七代提高了100元；洋河旗下产品的供货指导价最高涨幅超20%；郎酒也宣布青花郎未来将在三年内分6次提价来实现1500元\/瓶的目标零售价。业内人士表示，业绩向好、白酒包装成本提升、渠道利润改善等因素造成了高端白酒业“淡季不淡”。未来，白酒行业向头部品牌企业集中的趋势越发明显。（经济日报）
1337268,5/21/2019,北向资金净流出近37亿元，继续抛售白酒股。贵州茅台净卖出7.15亿元，连续11日净卖出。五粮液净卖出4.82亿元，洋河股份净卖出2.32亿元。
1335416,5/20/2019,【第八代经典五粮液正式上线生产】5月20日，五粮液(000858)跨版仪式在宜宾产业园区举行，宣布第八代经典五粮液正式上线生产。据悉，自2003年面世以来，第七代五粮液生产量已超过2.47亿瓶。进入5月后，五粮液高端价位产品价格全线上行，第七代经典五粮液的流通出货价格为959元\/瓶，零售指导价格1199元\/瓶。
1335090,5/20/2019,中金将五粮液目标价上调至140元人民币，较上周五收盘价高31.5%；称预计未来3至5年营收能实现约25%增长。
1334364,5/19/2019,  【五粮液16年来首度升级 意在加速追赶茅台】5月21日，第七代经典五粮液（普五）即将停产，第八代普五将粉墨登台，这也是五粮液在2003年之后，首次对核心大单品进行升级。记者了解到，通过前期调整，2018年普五实现了顺价销售，经销商的盈利逐步恢复。北京、山东多家经销商近日证实，普五的售价已经从去年的810-820元，进一步上涨到860-880元，经销商的利润在增长，销售动力也在增强。升级之后，新普五还会进一步拉高市场价格。（一财）
1333777,5/17/2019,【五粮液、洋河、泸州老窖5月集体涨价】5月进入了白酒涨价季，多家白酒企业宣布提价消息。近期，包括五粮液（000858.SZ）、泸州老窖（000568.SZ）、洋河股份（002304.SZ）等在内的白酒企业纷纷宣布提价。其中，已有经销商陆续下发《关于经典五粮液市场价格的通知》，宣布了对第七代、第八代和第七代收藏版五粮液的价格调整。洋河已于本周正式向全国经销商发出提价通知，供货指导价的最高涨幅超过20%。（澎湃新闻）
1333615,5/17/2019,白酒股再遭北上资金抛售，沪股通净卖出贵州茅台6.5亿元，深股通卖出五粮液1.8亿元、泸州老窖1.2亿元。
1333139,5/17/2019,【高端白酒一线调查】从北京和重庆两地的实地调查发现，不光两地的茅台自营店没有53度飞天茅台卖，缺货长达1个多月，连不少茅台经销商也表示无货可卖。就在飞天茅台酒价高缺货之际，其腾出的市场空间正被其他名酒代替，其中最突出的是紧随其后的五粮液和泸州老窖。（21世纪经济报道）
1332909,5/16/2019,北向资金今日净流出34亿元，恒瑞医药净卖出5.5亿元居首，白酒股持续遭抛售，贵州茅台净卖出4.8亿元，连续八日净卖出，五粮液净卖出4.4亿元。
1332877,5/16/2019,【名白酒再现集体涨价 卡位千元价格带】近期，包括五粮液、郎酒在内的多家名白酒企业都公布了产品升级或涨价计划，在业内看来，一季报的表现证明了名白酒行业的繁荣还在持续，高端名酒也希望借涨价进一步拉开和区域名酒的距离，进一步争夺茅台涨价之后腾出的千元档市场空间。（一财）
1331965,5/15/2019,白酒股早盘走强，泸州老窖、洋河股份涨逾4%，山西汾酒、今世缘涨逾3%，贵州茅台、五粮液均涨逾2%。
1331618,5/14/2019,北向资金今日净流出109亿元，净流出额为史上次高。贵州茅台、五粮液分别遭净卖出11.86亿元、10.53亿元，中国平安净卖出6.1亿元；海康威视逆市净流入3.7亿元。
1330539,5/13/2019,据中泰证券，第八代五粮液出厂价将定为889元左右，同比提升约13%。
1328774,5/11/2019,【第八代经典五粮液6月上市】据了解，5月21日五粮液将在车间举行“跨版仪式”，第七代经典五粮液下线停产，第八代经典五粮液正式上线生产，上市时间将在6月份。（中证报）
1326462,5/10/2019,【五粮液谋划推新品占位2000元价格段】5月10日举行的五粮液2018年度股东大会上，五粮液集团副董事长邹涛表示，在五粮液此前推出的超高端产品501五粮液与经典五粮液产品之间，五粮液已在谋划推出产品占据二者之间的2000到3000元价格带。邹涛还表示，在普五和低度五粮液价格上行之后，将推出系列酒高端产品作为其身后的补位。补位有两种方式，由五粮液开发一个新品牌，或是通过并购企业占据400到600元的价格段，目前，这两种方式都在考虑和推进。（每经）
1326461,5/10/2019,【五粮液董事长刘中国谈核心产品价格：未来是后来者居上】5月10日举行的五粮液2018年度股东大会上，在面对投资者关于五粮液价格与茅台存在较大差距的疑问时，五粮液股份公司董事长刘中国说，希望三五年就能河东，三五年再河西，“五粮液现在是卧薪尝胆，我们的目标和方向是后来者居上，目前我们了解到的情况是普五市场价格已经有所回升”。（每经）
1326392,5/10/2019,白酒板块集体拉升，五粮液大涨5%，山西汾酒、贵州茅台、顺鑫农业、水井坊等集体冲高。
1324455,5/9/2019,白酒概念股持续走低，古井贡酒、泸州老窖大跌逾7%，五粮液、山西汾酒跌逾5%，口子窖、洋河股份、老白干等个股均有大跌表现。
1324440,5/9/2019,上证50跌逾2%，受白马股开盘即持续走弱拖累，其中，贵州茅台、古井贡酒、五粮液、格力电器、恒瑞医药、海天味业等跌逾3%。
1321352,5/6/2019,白酒股今日集体大跌，泸州老窖、酒鬼酒、古井贡酒、山西汾酒、五粮液等跌超9%，贵州茅台大跌8%，股价失守900元大关。
1191455,4/30/2019,【北向资金净卖出中国平安、贵州茅台等大盘蓝筹股】北向资金今日合计净流出6457万元，成交活跃股方面，沪股通净卖出中国平安10.87亿元，净卖出贵州茅台4.13亿元，净买入浦发银行1.33亿元；深股通净卖出格力电器3.35亿元，此外，平安银行、美的集团、五粮液的净卖出金额均超2.5亿元。
1190118,4/28/2019,五粮液：一季度实现净利润64.75亿元，同比增长30.26%。
1188355,4/26/2019,【4月北上资金净卖出已创10个月新高，“大消费”不再是香饽饽】本周大盘震荡下调，上证综指下跌失守3100点，北上资金也持续放量净卖出，周内累计约合128亿元，4月以来累计净卖出规模近220亿元，创下了自去年6月A股纳入MSCI指数以来单月最高纪录。综合成交活跃以及增减持统计，4月以来白酒、家电股遭大幅调仓，五粮液、贵州茅台位居净卖出之首，而机械装备以及地产股成为最新偏好。（证券时报）
1188336,4/26/2019,【北上资金月净卖出220亿！“大消费”不再是香饽饽】本周大盘震荡下调，北上资金也持续放量净卖出，周内净卖出约128亿元，4月以来累计净卖出规模近220亿元，创下了自去年6月A股纳入MSCI指数以来单月最高纪录。记者综合统计成交活跃股以及增减持情况，本月以来白酒、家电股遭大幅调仓，五粮液、贵州茅台位净卖出额居首，机械装备及地产股则成为最新偏好。（证券时报）
1188209,4/26/2019,北向资金连续5日净流出，贵州茅台、五粮液再遭抛售，净卖出额分别为9.37亿元、5.37亿元，五粮液已连续七日遭净卖出，招商银行净卖出逾3亿元。
1187567,4/25/2019,沪股通今日净卖出贵州茅台2亿元、中国平安3.5亿元，深股通净卖出五粮液2亿元、格力电器1.4亿元、美的集团1亿元；猪肉股牧原股份、温氏股份均获净买入逾1亿元。
1186463,4/24/2019,北向资金今日净流出逾35亿元，格力电器遭净卖出8.36亿元，贵州茅台净流出5.18亿元，中国平安净流出3.76亿元，五粮液净流出3.4亿元。
1185771,4/23/2019,【贵州茅台涨超3％ 股价再度刷新历史新高】白酒股午后震荡攀升，截至发稿，贵州茅台涨3.24％报980元\/股，刷新历史新高。五粮液涨4.7％，泸州老窖涨4.2％。
1185755,4/23/2019,【贵州茅台再创新高 五粮液涨3%市值突破4000亿】A股市场啤酒股今日普遍下跌，但白酒股普涨。其中，口子窖涨近4%领涨，五粮液、泸州老窖、贵州茅台涨幅均在2%以上。五粮液现报104.1元，涨2.97%，最新总市值4040.75亿元，为深证主板第一第一大市值股，贵州茅台涨近3%，盘中再创历史新高价979元，最新总市值12248亿元。
1184315,4/23/2019,【中金：主动偏股型基金创近三年最大单季仓位升幅 一季度增持白酒农业】中金王汉锋等报告表示，股市的快速拉升带来公募基金大类资产配置的方向性变化，主动偏股型基金仓位回升近6个百分点，为近三年单季最大提升幅度。该类基金一季度增配五粮液和贵州茅台等白酒股、温氏股份等农业股，减持万科等地产股、农业银行和华泰证券等非银板块。
1183914,4/22/2019,【基金一季度重仓股出炉 中国平安稳居第一大重仓股 五粮液等3只个股新晋前十】4月22日，公募基金一季报披露完毕。天相投顾统计的2422只积极投资偏股型基金数据显示，中国平安稳居第一大重仓股，基金持有总市值高达328.99亿元。中国平安一季度涨幅37.43%，4月份以来的涨幅超过10%，22日盘中股价创历史新高。此外，前十大重仓股还有贵州茅台、五粮液、伊利股份、招商银行、立讯精密、长春高新、格力电器、海康威视、万科A。与基金2018年四季报统计结果的对比显示，五粮液、立讯精密、长春高新为2019年一季度新进入的基金前十大重仓股。（中证网）
1183748,4/22/2019,【中国平安将夺基金头号重仓股“三冠王”】截至上周末，公募基金市场5364只开放式基金中已经有4184只基金披露了2019年基金一季报，占比近八成。目前来看，中国平安是基金头号重仓股最有利的争夺者，共有665只基金重仓持有该股，合计持股6.83亿股、持股市值962.12亿元，在所有上市公司中遥遥领先。贵州茅台和五粮液紧随其后，不过距离中国平安有较大差距：分别有590只和387只基金重仓持有，合计持股市值分别有406.08亿元和242.03亿元。中国平安如果顺利取得今年一季度的基金头号重仓股，将连续三季度蝉联基金头号重仓股。（证券日报）
1183448,4/21/2019,【五粮液集团董事长率队考察洋河集团：推进浓香企业发展】记者获悉，4月19日，五粮液集团董事长李曙光率队前往江苏洋河集团考察，并与洋河股份董事长王耀等座谈交流。双方达成合作共识：一是携手合作，做强“大国浓香”；二是共谋技术进步；三是同塑白酒文化；四是共闯国际市场。在操作层面上进一步明确：一是在秦皇岛会议建立的合作机制上今年适时召开专题会议，推进浓香企业发展；二是两家企业建立定期交流机制，加强互动合作。
1181941,4/20/2019,【公募一季报披露过半 中国平安暂居重仓股第一】公募基金2019年一季报披露进程过半。据天相投顾统计已公布一季报的2123只积极投资偏股型基金数据显示，目前中国平安为第一大重仓股，基金持有市值为305.48亿元。贵州茅台和五粮液分列基金重仓股的二、三位，基金持有市值为247.43亿元、175.99亿元。前十大重仓股还有伊利股份、招商银行、格力电器、立讯精密、泸州老窖、长春高新、海康威视。天相投顾提醒，预计尚有1048只基金将在4月22日披露一季报，尚未纳入此次统计。（中证网）
1180282,4/19/2019,【“五粮液”品牌不再新开发常规总经销产品】记者获悉，4月17日，五粮液2019年第二季度市场工作调度会暨五粮液品牌总经销商座谈会在郑州召开。会议透露，“五粮液”品牌原则上不再新开发常规总经销产品，现有总经销五粮液产品出厂价将进行上调，五粮液将对不符合公司总体品牌战略或市场营销不规范的总经销产品进行梳理和整顿。（证券时报）
1179235,4/17/2019,【北上资金净卖出格力电器、中国平安、五粮液】以买卖成交额口径，北上资金今日净流出近19亿元，格力电器、中国平安、五粮液净卖出均超3亿元。汽车股大涨，上汽集团获净买入0.2亿元，比亚迪净卖出0.44亿元。
1178794,4/17/2019,【QFII新动向：新进23股，连续10季持有31股】截至4月16日，从2018年报披露数据来看，共有137股前十大重要流通股东名单中出现QFII身影，包括招商公路、帝欧家居、先导智能等。不过也有QFII退出股，如天虹股份、万科A、中信银行、五粮液等。上述137股中有23股2018年四季度获QFII新进持有，主要分布在化工、电气设备及轻工制造行业。有31股自2016年三季度以来连续10个季度获得QFII持仓，19股最新报告期持流通股比例超过1%。（证券时报）
1178568,4/16/2019,【五粮液再遭北向资金净卖出逾7亿元】4月16日，北向资金终结连续7日净流出，蓝筹股获追捧。招商银行、中国建筑净买入均超2亿元；五粮液再遭净卖出7.05亿元。
1176432,4/15/2019,【深股通今日净卖出五粮液超3亿元】沪股通今日净买入兴业银行2.25亿元，深股通净卖出五粮液3.01亿元，五粮液上周五刚刚结束连续11日净卖出。此外美的集团、格力电器分别被净卖出1.83亿、1.59亿。
1175440,4/14/2019,【五粮液“瘦身”后续：部分商家逆势提价】五粮液集团4月颁布文件，责成各营销单位全面梳理现有品牌及产品结构，分类分步推进整改和清退工作。值得关注的是，同质化产品下架，意味该产品成为“绝版”，反而引发了二批和零售商的进货热。部分运营商下架产品纷纷涨价，某公司产品单箱价格上涨30元，以库存5万箱计算，可以带来150万利润。（云酒头条）
1174744,4/12/2019,【深股通3月交易金额环比增长96.37% 】 深交所12日披露，深股通3月交易金额5439.94亿元，环比增长96.37%。其中买入金额2737.16亿元，环比增长77.76%；卖出金额2702.78亿元，环比增长119.65%。3月份，五粮液、格力电器、海康威视成交金额位居前三位，五粮液累计遭净卖出46.64亿元。
1174726,4/12/2019,贵州茅台今日遭净卖出10.9亿元，五粮液获净买入1.31亿元，结束连续11日净流出。
1174717,4/12/2019,【五粮液：4月底前对“五粮PTVIP”、“VVV”等高仿产品在公开渠道进行下架处理】记者获悉，五粮液集团近日颁布《“五粮液”品牌产品开发及清退管理标准》等相关文件，全面梳理现有品牌及产品结构。4月底前，对严重透支主品牌价值的“五粮PTVIP”、“VVV”等高仿产品在公开渠道进行下架处理，并停止相关产品宣传；8月底前，对辨识度低且市场定位不清的产品进行清理；12月底之前，对包装和价格等方面不符合制度要求的产品，分期分批进行整改。（证券时报）
1174038,4/11/2019,【北向资金今日大举抛售白酒股】贵州茅台、美的集团、五粮液净卖出居首，分别净卖出8.26亿元、7.42亿元、7.11亿元，五粮液已连续11日净卖出。
1173877,4/11/2019,五粮液午后跳水，一度跌8.7%，昨日遭深股通净卖出22.4亿元，为单日最大净卖出，且已连续第十个交易日遭净卖出。贵州茅台跌4.38%。
1173840,4/11/2019,劲嘉股份：子公司拟与宜宾五粮液精美印务公司设合资公司，拓展烟酒、食品领域包装业务。
1173747,4/11/2019,白酒股低开低走，全线回调，酒鬼酒大跌逾8%、今世缘、山西汾酒、古井贡酒、老白干酒、五粮液等均纷纷走低，贵州茅台跌近2%。
1172819,4/10/2019,五粮液今日遭深股通净卖出22.4亿元，连续第十个交易日遭净卖出。
1170044,4/9/2019,【 北向资金今日净卖出五粮液逾10亿元 】 4月9日，北向资金净买入额居前的个股中，伊利股份、贵州茅台、中国平安，分别获净买入3.56亿元、2.95亿元、2.55亿元；五粮液、海康威视、潍柴动力净卖出额居前，分别为10.16亿元、5.16亿元、3.55亿元。
1170025,4/9/2019,【深股通今日净卖出五粮液10.16亿元】北上资金今日净流入11.9亿元，沪股通净买入贵州茅台2.95亿、净买入伊利股份3.56亿、净买入中国平安2.55亿；深股通净卖出五粮液10.16亿、净卖出海康威视5.16亿、净卖出潍柴动力3.55亿元。
1169210,4/8/2019,北上资金今日净流出44.41亿元，五粮液净卖出10.9亿元，连续八日遭净卖出，美的集团、海康威视紧随其后，净卖出均超5亿元。
1169030,4/8/2019,【摩根士丹利上调多家白酒股目标价】摩根士丹利7日报告表示，贵州茅台一季度盈利和收入增长均超出市场预期，短期内或对白酒股人气构成支撑。①将茅台目标价由890元上调11%至990元，渠道和零售需求强劲，经销商开始预计2020年开启提价，对茅台评级为增持。②将洋河股份目标价由130元上调2%至133元，评级由增持下调至中性。③将五粮液目标价上调83%，维持增持评级。④将泸州老窖目标价上调66%，维持增持评级。
1168404,4/8/2019,【五粮液挥刀砍向总经销品牌】记者从五粮液方面证实，公司已向运营商、专卖店下发了关于清理下架和停止销售“VVV”、“五粮PTVIP”、“东方娇子”、“壹玖壹捌1918”这四个总经销品牌消息，目的是要聚焦公司主力品牌，提高公司自身品牌的辨识度。（一财）
1167027,4/6/2019,【万达集团董事长王健林考察五粮液集团】4月4日，万达集团董事长王健林率万达集团首席副总裁刘海波，万达院线总裁曾茂军等到五粮液集团考察并座谈。在座谈会上，双方就酒文化基地建设、影视文创、医疗大健康及万达广场营销网络建设等领域的合作进行了深入交流，并达成战略共识。
1166426,4/5/2019,【与以往牛市大不同！蓝筹白马股频创历史新高 4天67股创新高】4月的前4个交易日已有67只股票创出历史新高，而年内已有115只股票创出了历史新高。过去，A股常有“妖股套一时，蓝筹套一生”的说法，尤其是牛市中，蓝筹普遍不受市场待见。不过，与以往牛市不同的是，本轮牛市一批蓝筹白马股频频出现在创出历史新高的名单中。4日，中国平安、招商银行、贵州茅台、海螺水泥、五粮液等齐创历史新高，演绎出强者恒强的格局。市值千亿以上的蓝筹股，共有80只，却有14只股票创出了历史新高，占比高达17.5%。蓝筹股似乎正成为本轮牛市的香饽饽。（券商中国）
1166407,4/5/2019,【五粮液宣布4个总经销品牌22款产品清理下架和停止销售】五粮液向运营商、专卖店下发了《关于清理下架和停止销售“VVV”、“东方娇子”等系列酒品牌的通知》。《通知》显示，五粮液已经与“VVV”“五粮PTVIP”“东方娇子”“壹玖壹捌1918”四个品牌停止合作，并要求各运营商、专卖店从即日起对自有门店进行清理，对以上产品进行下架，停止销售。此次清理涉及上述四个品牌共22款产品。
1165802,4/4/2019,五粮液涨近5%，股价突破百元大关，创历史新高。
1164436,4/3/2019,【每日外资观察：北向资金净买入29亿 中国平安、招商银行获买入金额居前】今日，北向资金净流入29亿元，最近4个交易日已净流入170亿。个股方面，沪股通净买入中国平安4.47亿元，招商银行4.53亿元，陕西煤业3.55亿元。深股通净买入海康威视2.97亿，苏宁易购3.96亿，云南白药2亿，万科A1.67亿元。美的集团、五粮液、恒瑞医药被卖出金额居前。
1164170,4/3/2019,【第七代经典五粮液批价持续上涨，计划4月底达到900元以上】近日，五粮液经销商联谊会陆续召开。据参会经销商透露，会上达成共识，从4月份开始，第七代五粮液将以“小步稳健快跑”的方式实现终端供货价的提升，计划4月底让批价到达每瓶900元以上，专卖店、KA卖场和电商实现真实成交，不打折扣的零售价达到1099元。（微酒）
1162870,4/2/2019,【传五粮液总经销品牌将大幅缩减 开启极速瘦身、提升品牌高度】有五粮液经销商爆料称，“今年五粮液啥情况啊？糖酒会前两天，应该有上千条码（被砍），去年底刚刚上市的条码都有停产的。”据悉五粮液本轮开展的品牌清理工作在糖酒会前便已展开，一个说法是，原有的上千个总经销品牌将被缩减至数十个，其目的是提升五粮液主产品的品牌纯净度。（酒业家）
1162602,4/2/2019,【每日外资观察：北向资金净卖出1.61亿 茅台、五粮液连续第二天遭抛售】数据显示，今日北向资金净流出1.61亿元，前20大成交股中，沪股通卖出贵州茅台5.27亿，买入招商银行5.44亿，买入海螺水泥3.78亿、买入中国平安2.20亿。深股通卖出五粮液2.13亿，卖出洋河股份1.19亿元。
1161622,4/1/2019,【北上资金大额卖出白酒股】沪股通分别净卖出贵州茅台6.31亿元、中国平安2.95亿元，净买入海螺水泥1.45亿元。深股通卖出五粮液4.93亿元，买入美的集团、海康威视、分众传媒、平安银行均超3亿元。
1159515,3/30/2019,【这些股去年遭公募净卖出】天相投顾数据显示，2018年公募净卖出前十股为：五粮液、格力电器、新华保险、伊利股份、分众传媒、复星医药、京东方A、大族激光、大华股份。 其中五粮液被净卖出金额高达143.16亿元。
1157947,3/28/2019,【北上资金净流出超11亿 净买入贵州茅台3.14亿】北上资金今日净流出超11亿元。通过沪股通净买入贵州茅台3.14亿元，净卖出中国平安1534.97万；深股通净卖出五粮液4.78亿、万科A2.46亿元，净买入洋河股份1.11亿元。
1157797,3/28/2019,【沪股通净流出9.49亿 深股通净流出3.49亿】截至沪深股市收盘，资金流如下：沪港通资金流向方面，沪股通净流出9.49亿，港股通（沪）净流入暂为1.15亿。深港通资金流向方面，深股通净流出3.49亿，港股通（深）净流入暂为2.83亿。沪股通中资金流入最多的是贵州茅台，净流入2.71亿，其次为上海贝岭、南京熊猫、易见股份、DR恒瑞医。资金流出最多的是康恩贝，净流出4.99亿。深股通中资金流入最多的是中兴通讯，净流入13.22亿，其次为五粮液、恒力电器、顺鑫农业、华西证券。资金流出最多的是东方财富，净流出4.38亿。
1157743,3/28/2019, 白酒股午后涨幅扩大，泸州老窖涨超5%，五粮液涨超4%，贵州茅台涨近3%报811.75元\/股。
1156769,3/27/2019,五粮液：2018年度实现净利润133.8亿元，同比增长38.36%；拟10派17元。
1156695,3/27/2019,【深股通净卖出五粮液5.7亿元】沪股通净买入贵州茅台1.29亿元，净买入招商银行3.87亿元；净卖出中国平安1.68亿元。深股通净卖出五粮液5.7亿元；净买入美的集团、洋河股份、平安银行超1亿元。
1156684,3/27/2019,数据显示，今日北上资金净流出4.97亿元。个股方面，五粮液被净卖出5.70亿元，顺鑫农业被净卖出3.43亿元，中国平安、恒瑞医药、三一重工均被卖出超1亿元。
1156539,3/27/2019,【沪股通净流入4.9亿 深股通净流出4.94亿】截至沪深股市收盘，资金流如下：沪港通资金流向方面，沪股通净流入4.9亿，港股通（沪）净流入暂为9.94亿。深港通资金流向方面，深股通净流出4.94亿，港股通（深）净流入暂为7.84亿。沪股通中资金流入最多的是士兰微，净流入3.97亿，其次为浙江龙盛、万华化学、中国平安、恒瑞医药。资金流出最多的是中科曙光，净流出3.73亿。深股通中资金流入最多的是五粮液，净流入2.49亿，其次为金科股份、紫鑫药业、国盛金控、劲嘉股份。资金流出最多的是分众传媒，净流出3.86亿。
1156407,3/27/2019,【白酒股集体拉升 古井贡酒涨6%创历史新高】白酒股今日早盘走势强劲，古井贡酒涨6%，股价创历史新高。此外，五粮液涨超5%逼近历史新高，泸州老窖涨近6%。
1154268,3/26/2019,白酒板块午后逆势走强，顺鑫农业大涨7%，金种子酒、古井贡酒、今世缘、五粮液纷纷走强。
1153951,3/26/2019,【沪股通净流入1.2亿 深股通净流出1.53亿】截至沪深股市午间收盘，资金流如下：沪港通资金流向方面，沪股通净流入1.2亿，港股通（沪）净流入暂为8.4亿。深港通资金流向方面，深股通净流出1.53亿，港股通（深）净流入暂为3.53亿。沪股通中资金流入最多的是易见股份，净流入1.24亿，其次为士兰微、万华化学、伊利股份、上海贝岭。资金流出最多的是中国重工，净流出2.93亿。深股通中资金流入最多的是五粮液，净流入2.01亿，其次为太极股份、新希望、牧原股份、劲嘉股份。资金流出最多的是京东方A，净流出6.35亿。
1152747,3/25/2019,白酒股持续下挫，金种子酒大跌8%，中葡股份、酒鬼酒均跌逾4%，口子窖、古井贡酒、洋河股份、五粮液等个股均纷纷下挫，截至发稿，北上资金净流出60亿元。
1152546,3/25/2019,【业内人士：白酒板块平均价格仍有提升空间】2019年以来A股白酒品种持续上涨，近期部分股票更进入集体创新高阶段。截至上周五，金种子酒报8.36元，创逾16个月新高；酒鬼酒报收24.93元，为8个月来收盘新高；古井贡酒、五粮液等此前也不同程度地刷出阶段股价新高。业内认为，中国白酒估值性价比较高，外资持续流入是板块估值修复甚至重构的重要推动力。基于基本面的判断及外资、机构配置的需求，板块平均价格仍有提升空间。（中国证券报）
1149876,3/22/2019,白酒概念股早盘持续拉升，酒鬼酒涨近5%，泸州老窖、顺鑫农业、洋河股份、老白干酒、舍得酒业、五粮液、贵州茅台等个股均有不俗表现。
1147762,3/20/2019,【近400亿主力资金撤离 26只个股流出最凶猛 】 今日资金面上，主力资金全天净流出389.14亿元。主力资金净流出个股中，今日有26股净流出超2亿元。二三四五主力资金净流出5.99亿元，净流出资金最多，该股盘中一度冲击涨停，收盘涨幅回落至2.96%；其次是美锦能源、五粮液，净流出资金分别为4.64亿元、4.17亿元。（数据宝）
1146305,3/19/2019,【中国平安再获北向资金净买入逾10亿元 连续两日获净买入】3月19日，A股微幅调整，北向资金净流出15.98亿元，其中，沪股通净流出0.22亿元，深股通净流出15.76亿元。具体来看，中国平安、美的集团、顺鑫农业净买入额居前，分别获净买入10.32亿元、2.67亿元、1.57亿元。值得注意的是，中国平安连续两日获北向资金大举净买入，昨日净买入额为18亿元。五粮液、格力电器、恒瑞医药净卖出额居前，分别遭净卖出12.55亿元、4.51亿元、2.04亿元。
1145900,3/19/2019,【中金：上调五粮液股价目标22% 归因于白酒品质升级】中金将五粮液股价目标上调22%至127元，称品质升级和产能增加应有助提高五粮液在白酒市场的定价能力和地位。中金将五粮液2019年和2020年的净利润预测分别上调1.7%和4.3%。
1145762,3/19/2019,【北上资金持仓A股市值破万亿 持有茅台市值逼近千亿】综合统计显示，截至3月18日，北上资金通过沪、深股通持有A股市值正式突破万亿大关，具体金额合计达1.02万亿元。其中，超过18只个股持股市值超过百亿元，合计吸纳了北上资金一半以上资金配置。其中，持仓贵州茅台规模居首逼近千亿元，其次是中国平安、美的集团、恒瑞医药和五粮液。
1145265,3/18/2019,【北向资金今日净买入33.88亿元 中国平安获净买入18亿元】3月18日，北向资金买入33.88亿元，其中，沪股通获净买入32.66亿元，深股通获净买入1.22亿元。具体来看，中国平安、伊利股份、万科A净买入额居前，分别获净买入18.18亿元、3.46亿元、2.13亿元，今日盘中刷新历史股价新高的贵州茅台获净买入2.12亿元。海螺水泥、五粮液、格力电器净卖出额居前，分别遭净卖出9.74亿元、3.32亿元、1.80亿元。
1145218,3/18/2019,【白酒股今日批量涨停 深股通机构趁机卖出】五粮液今日涨停，深股通卖出11.6亿元并买入8.3亿元，两机构席位卖出2.8亿元。深股通买入泸州老窖2.2亿元并卖出1.4亿元，三机构席位卖出2.63亿元。
1145134,3/18/2019,【川财证券：白酒板块估值有望提升】截至2019年3月15日，食品饮料板块近3年PE平均值为30.1倍，目前PE为29.1倍，估值仍有提升空间，此外，春季酒会的反馈信息将成为影响板块表现的催化剂。白酒方面，受外资布局影响，白酒板块今年以来估值逐渐修复，受MSCI扩容及QFII额度扩容等政策影响，外资增持性价比较高的优质标为大趋势，同时由于外资定价权逐渐提升，国内投资者投资思路或受影响，白酒板块估值有望提升。相关标的：贵州茅台、五粮液、泸州老窖、古井贡。（证券时报）
1144356,3/17/2019,【剑指百亿 五粮液“尖庄”品牌开启全面整合】五粮液“尖庄”品牌开启全面整合。五粮液集团公司副董事长邹涛表示，尖庄品牌整合是系列酒公司酝酿已久的品牌发展战略，集团公司将旗帜鲜明地支持系列酒公司把整合执行到底，让“绵柔”和“新品”两大尖庄系列产品加速强大。邹涛要求，要持续做大做强潜力市场，让尖庄这个百年品牌早日实现品牌复兴、剑指百亿的宏伟目标。（中证网）
1142336,3/15/2019,【沪股通净买入中国平安逾10亿元，连续三日加仓】 3月15日，北向资金净流入28.57亿元。前十大成交股中，沪股通连续第三日净买入中国平安10.32亿元（14日买入8.5亿元，13日买入6.03亿元），净买入招商银行1.38亿元；净卖出伊利股份1.78亿元。深股通净买入美的集团4.55亿元，净卖出五粮液3.13亿元、温氏股份1.31亿元。
1140939,3/14/2019,【五粮液集团董事长李曙光：今年将进一步提高海外收购比重】全国人大代表、五粮液集团董事长李曙光认为，随着营商环境不断优化，中国白酒行业将进一步向优质品牌集中、向优质产能集中。未来，五粮液进一步加强行业的战略性重组，加快做强做大做优酒业主业。“今年五粮液将进一步提高海外收购的比重，在海外成立投资集团，从国际的视野来布局企业的未来”。（证券日报）
1138327,3/12/2019,【每日外资观察：北上资金恢复净流入 茅台、五粮液受青睐】今日北上资金净流入13.4亿元，结束连续4日净流出局面，南下资金净流入17.8亿元。个股方面，前20大成交股中，13股获净买入，7股被净卖出。其中，贵州茅台获净买入3.02亿元，三一重工获净买入1.94亿，招商银行1.62亿元，格力电器2.11亿，五粮液1.64亿。北上资金净卖出东方财富2.43亿，牧原股份、海康威视、青岛海尔等股被净卖出金额在1亿以下。
1137093,3/11/2019,【每日外资观察：北上资金连续4日净卖出 今日卖多买少】北向资金今日净流出15亿元，为连续4日净流入；南向资金净流入28亿元。个股方面，前20大成交股中，仅3股获净买入，分别是中信证券、海螺水泥，美的集团，净买额分别为4550万、1.01亿、5954万。17股被净卖出，其中中国平安被净卖出3.21亿元，京东方A被净买入3.98亿元，五粮液、格力电器、招商银行被净卖出逾2亿元，中国建筑、兴业银行、牧原股份被净卖出超1亿元。
1137079,3/11/2019,五粮液：公司董事会提议免去张辉董事职务。
1136834,3/11/2019,酒业板块早盘走强，今世缘大涨逾7%，通葡股份涨逾4%，五粮液、金种子酒、山西汾酒、金枫酒业均涨逾3%。
1130403,3/7/2019,白马股板块单边下行，信维通信跌4%，复星医药、丽珠集团、华域汽车、五粮液纷纷走弱。
1129682,3/6/2019,【五粮液回应提价传言：4月底5月初厂价或上涨100】有五粮液经销商透露，五粮液将在今年6月前，将上市的新版52度五粮液的价格上调，记者从五粮液销售公司内部了解到，上调价格已经内部通报，具体调整时间为今年4月底到5月初完成，上调后价格预计为869-899元每瓶。（成都商报）
1128973,3/5/2019,【五粮液已实际提价 传新版五粮液出厂价899元】从江苏省的五粮液经销商处获悉，今年6月前将上市的新版52度五粮液已传出厂价提价信息，经销商内部传言价格将涨至每瓶899元。这一价格一旦坐实，将在现有五粮液出厂价的基础上提价上百元。但截稿时，该涨价消息尚未获得厂家证实。据了解，关于新版五粮液的更多消息将在本月召开的全国春季糖酒会上宣布。（21世纪经济报道）
1127456,3/1/2019,酿酒板块尾盘走强，五粮液、山西汾酒涨超4%，贵州茅台大涨3.84%，股价报784元。
1126941,2/28/2019,【北上资金今日大幅净买入贵州茅台、五粮液等白酒股】今日北上资金净流入逾32亿元，连续第三个交易日实现净流入。其中沪股通净买入贵州茅台6.13亿元、恒瑞医药4.68亿元、兴业银行1.57亿元；深股通净买入五粮液3.21亿元、美的集团1.64亿元，净卖出海康威视近1亿元。
1126313,2/27/2019,【北向资金今日净流入52.57亿元 买入平安、茅台、招行等】27日，北向资金净流入52.57亿元，为连续第二日净流入。个股方面，前20大成交股中，中国平安获净买入4.92亿元，贵州茅台净买入3.99亿元，招商银行、五粮液、平安银行均获超2亿元净买入。而恒生电子、海康威视、万科A被净卖出。
1125940,2/27/2019,【酿酒板块集体走强】水井坊涨停，今世缘涨超8%，酒鬼酒涨超7%，舍得酒业涨超6%，老白干酒、金种子酒涨超5%，洋河股份、五粮液、古井贡酒等涨超4%，贵州茅台涨超3%。
1125919,2/27/2019,【五粮液等川酒“六朵金花”抱团 共同成立四川名优白酒联盟】2月26日，以五粮液、泸州老窖、剑南春、郎酒、舍得、水井坊等川酒“六朵金花”为创始成员单位的四川名优白酒联盟正式成立。四川副省长彭宇行指出，白酒是四川省特色优势产业，省政府提出将食品饮料产业打造成为四川五个万亿级支柱产业之一，并将白酒产业列入全省16个重点产业领域加以扶持发展。据悉，2018年川酒实现营业收入2372亿元，同比增长15.1%；“六朵金花”实现营收近1285亿元，占川酒整体的54%。
1125663,2/26/2019,【六大川酒正式“抱团”，平台策略推动万亿产业振兴】2月26日，主题为“聚力名酒优势 创领川酒未来”的“四川名优白酒联盟”成立大会在成都举行。此次会议由四川省经济和信息化厅指导，五粮液、泸州老窖、剑南春、郎酒、舍得、水井坊川酒“六朵金花”共同主办，五粮液承办。联盟将构建起六大运作体系，包括品质规范、产业研究、原产地推广、市场拓展、人才培育及资本运作，探索转型升级新路径，持续提升川酒核心竞争力。（微酒）
1124816,2/25/2019,沪股通净卖出中国平安近20亿元，成交156亿元。海康威视被净卖出5.09亿元，中信证券、招商银行、恒瑞医药、伊利股份、上汽集团、万科A均被净卖出超2亿元。此外，沪股通买入贵州茅台逾4亿元，深股通买入五粮液逾4亿元。
1123263,2/21/2019,四川省宜宾五粮液集团有限公司原党委委员、工会主席、监事会主席余铭书严重违纪违法被双开。（澎湃）
1120936,2/18/2019,【年内逾百亿元资金扫货贵州茅台】今年以来，从沪、深股通前十大成交活跃股看，北上资金买入贵州茅台金额最高，达到104.78亿元，其次为格力电器，买入金额达到62.04亿元，位居第三的美的集团，买入金额为54.68亿元。此外，五粮液、恒瑞医药、中国平安、平安银行、招商银行、海康威视、万科A、立讯精密、青岛海尔、中信证券买入金额超过10亿元。整体上消费和金融是北上资金较为青睐的两大品种， 龙头股更是格外受到重视。（中证报）
1119844,2/14/2019,【北向资金连续12日净流入，五粮液、贵州茅台净买入额近5亿元】2月14日，北向资金净流入60.72亿元，为连续12个交易日净买入。个股方面，五粮液、贵州茅台、格力电器、中国平安、恒瑞医药、万科A今日净买入金额居前，分别为4.86亿元、4.86亿元、4.23亿元、2.63亿元、2.39亿元、1.88亿元。而近期强势股京东方A遭净卖出365.5万元。
1119161,2/13/2019,【北向资金节后三个交易日净流入184.97亿元】2月13日，陆股通北向资金净流入86.01亿元，叠加前两个交易日内净流入98.95亿元，北向资金在春节后的三个交易日内净流入184.97亿元。个股方面，贵州茅台、恒瑞医药、格力电器、中国平安、美的集团、五粮液今日分别获北向资金净买入8.14亿元、5.6亿元、5.45亿元、4.96亿元、4.42亿元和4.19亿元，净买入额居前。
1118565,2/12/2019,【北上资金连续第十日净流入，继续抢筹一线白酒股】其中，贵州茅台获净买入1.18亿元，再居沪股通个股首位。五粮液今日再获净买入5.22亿元，居深港通个股首位；洋河股份获净买入6000万元。此外，美的集团、格力电器分别获净买入4.91亿元、3.67亿元。
1118009,2/11/2019,【沪股通净买入贵州茅台超10亿元】沪股通净买入贵州茅台10.63亿元，净卖出工商银行1.63亿，净卖出中国平安1.16亿。深股通净买入五粮液5.21亿，净买入美的集团、格力电器、立讯精密超3亿元。（财新一线）
1117842,2/11/2019,白酒板块午后持续发力，泸州老窖强势封板，五粮液、山西汾酒、贵州茅台大涨5%，洋河股份、顺鑫农业、今世缘纷纷跟涨。
1115240,1/31/2019,五粮液午后直线拉涨，目前涨超5%。午间公告称，2018年净利润预增37.39%至39.73%。
1115215,1/31/2019,【五粮液：预计2018年净利润同比增长37.39% - 39.73%】 五粮液午间公告，公司2018年预盈132.91亿元至135.17亿元，同比增长37.39%至39.73%。主要系公司酒类产品量价齐升，促使经营业绩实现较大幅度增长。
1114406,1/30/2019,【五粮液：今年预计实现2.3万吨高端产品销量】五粮液近日接受机构调研时表示，2019年，公司预计实现2.3万吨的高端产品销量，主要基于高端系列产品投入市场带来的销售增加，以及实施数字化转型、渠道深根后将带来的一部分市场增量。公司核心终端俱乐部预计年底全部建成，消费者俱乐部预计2020年上半年建成。
1113038,1/28/2019,白酒板块集体拉升走强，五粮液、今世缘均涨超4%，泸州老窖、古井贡酒、洋河股份、水井坊、贵州茅台等集体攀升。
1112745,1/26/2019,1月以来五粮液多地市场销量同比增长超20%；
1111797,1/24/2019,【五粮液华东、西北部分经销商一季度配额已用完，已提交紧急补货申请】调研发现，五粮液普五在全国多地动销迅速，其中华东、西北、西南等市场的经销商出现了部分缺货状态，他们已经向厂里提交了紧急补货申请，随时准备启用第一季度全部配额。据五粮液西北市场内部人士介绍，西北市场的普五库存普遍偏低，部分经销商也已经启用了2、3月份的计划量。
1109873,1/22/2019,【五粮液二次创业再出发 瞄准世界500强】五粮液实施了一系列改革举措，公司在“做强主业，做优平台，做大平台”发展战略指引下，确立了多元化产业发展新布局，明确到十三五末，酒业主业要实现600亿元的目标，占比要从当前的三分之一提高到三分之二。未来，五粮液是否利用资本市场继续实施并购重组？在五粮液公司高管们看来，这是必做功课。“五粮液一直在寻找好的标的企业，除了酒板块外的并购，公司也不排除并购其他大食品的企业。”如今，五粮液将千亿元目标已经锁定在2019年，到2025年发展成为国际一流名酒企业和国际化世界级企业集团
1109444,1/21/2019,【外资成为今年以来A股上涨的重要推动力】据彭博，今年以来中国A股逐步反弹，陆股通净流入亦同比大增。有分析认为，外资是支撑这一轮行情的最主要因素。国金证券分析师李立峰等报告表示，外资流入是本轮行情的惟一主线，很重要的原因是美元弱势。今年以来外资通过互联互通净买入341亿元人民币的A股，较去年同期增长40%。沪指年迄今上涨近5%。国金报告称，上周外资净买入前五的股票包括贵州茅台、美的集团、格力电器、五粮液、恒瑞医药。贵州茅台今年已经上涨16%，对沪指贡献最大。
1108724,1/18/2019,北上资金今日“爆买”白酒，豪掷14.86亿净流入贵州茅台，6.24亿净流入五粮液；牧原股份、格力电器，中国平安净流入均超过两亿。
1108425,1/18/2019,白酒板块集体走强，五粮液、舍得酒业、古井贡酒涨逾3%，山西汾酒、老白干酒、泸州老窖集体拉升。
1108093,1/17/2019,【五粮液集团与四川机场集团战略合作】1月17日，五粮液集团与四川机场集团在成都签署战略合作框架协议。双方共同在机场广告、贵宾服务、免税店及酒店等方面开展更紧密的合作。此次两家企业战略合作协议的签署，既是传统消费品行业与民航运输业的深度融合，也是国企之间跨行业合作的一次有益尝试，将对四川省国企创新合作及共促发展起到示范作用。
1107199,1/16/2019,五粮液集团董事长李曙光：白酒产业战略性重组将是一个重要主题，建议按照市场化原则，推动战略性重组。
1107050,1/16/2019,【五粮液集团董事长李曙光：跨上千亿元台阶必须是高质量跨越】四川省人大代表、五粮液集团董事长李曙光表示，“2019年，五粮液集团销售规模要跨上千亿元台阶，这必须是高质量跨越而不是普通的数字跨越。”李曙光称，2019年，五粮液集团将继续补短板，拉长板，增强新动能，实现高质量发展，在推动工业高质量发展、川酒振兴、乡村振兴等领域抓好各项工作。（四川日报）
1104683,1/11/2019,白酒板块午后逐渐走强，龙头口子窖大涨6%，贵州茅台涨2%，古井贡酒、五粮液小幅跟涨。
1097986,12/28/2018,贵州茅台午后大涨近5%，五粮液、伊力特、洋河股份跟涨。
1097211,12/27/2018,【19家酒企市值年内缩水4300亿元】截至2018年12月26日，19家白酒上市公司市值与2018年年初（1月2日）相比，市值蒸发了4300亿元。19家白酒上市公司中，目前市值过千亿的仅有贵州茅台、五粮液和洋河股份。2019年，对于多数白酒企业来说，依然不容乐观，中小酒企在夹缝中生存，日子更加举步维艰。（证券日报）
1093899,12/20/2018,【五粮液：产品规划始终坚持普五的战略核心地位】五粮液近期举行机构调研活动，来自招商证券、QFII等各方面的约220人参加。五粮液表示，公司的产品规划始终坚持普五的战略核心地位，所有产品为这款产品提供支撑和帮助，1618、低度五粮液等是战略中心产品。对于系列酒，公司将继续按照三个聚焦原则，坚决淘汰辨识度低的品牌。现在公司对渠道的要求更严格，经销商盈利水平在下一步调整到位、举措设施完善之后是可以达到预期的。
1092845,12/18/2018,【“世界品牌500强”新榜：亚马逊、谷歌、苹果居前三】在最新出炉的“世界品牌500强”中，亚马逊、谷歌、苹果排名前三，中国有38个品牌入选。中国入选的38个品牌中，茅台、青岛啤酒、五粮液、中国银行的品牌历史超越百龄。依行业来看，食品与饮料类品牌最古老，100岁以上的入选品牌占到了27个。（中国新闻网）
1092804,12/18/2018,【五粮液股份公司2019年目标500亿，普五销售2.3万吨】五粮液集团总经理、股份公司董事长刘中国在上午的投资者交流会上指出，公司各项经营指标有望按计划完成，今年前三季度，股份公司完成销售额292.5亿元，同比增长33.1%；实现净利润94.9亿元，同比增长36.3%。今年有望突破400亿元，明年在集团千亿目标的规划下，股份公司瞄准500亿元的发展目标。（酒业家）
1092470,12/18/2018,【五粮液集团董事长李曙光：明年销售收入有望跨越千亿元台阶】12月17日下午，第二届中国国际名酒文化节·国际名酒联盟高层峰会在四川宜宾举行。五粮液集团党委书记、董事长李曙光在高峰论坛上表示，愿意深化与世界名酒企业的合作，实现共同发展。他还预计，2019年公司销售收入有望突破1000亿元。（上海证券报）
1087701,12/8/2018,【年内逾2900亿元北上资金入场，中国平安等10只个股勇登“吸金榜”】统计发现，2018年以来截至昨日，沪股通和深股通合计净流入资金达2906.57亿元。其中，中国平安、贵州茅台、五粮液、美的集团、伊利股份、招商银行、海螺水泥、分众传媒、大族激光和洋河股份等10只个股，今年以来北上资金净买入金额居前。（证券日报）
1084752,12/3/2018,【北上资金今日大幅买入白马股】其中沪股通净买入中国平安11.6亿元、贵州茅台逾10亿元，深股通净买入海康威视近6亿元、五粮液近4亿元。
1084413,12/3/2018,【五粮液：明年将大幅缩减票据使用总额度】五粮液近日接受机构调研时表示，“百城千县万店”工程目前正在按计划稳步推进，已基本完成第一阶段的终端筛选、档案建立；工程现已进入第二阶段，主要是终端的数字化赋能，目前咨询规划工作已结束，预计在明年6月份前可以启动实施。公司2019年将对经销商使用银行承兑汇票作进一步规范，整体将大幅缩减票据使用总额度。
1083451,11/30/2018,白酒股走强，舍得酒业涨近5%领涨，五粮液、洋河股份、贵州茅台、泸州老窖、山西汾酒、酒鬼酒、老白干酒等个股亦跟随上涨。
1083396,11/30/2018,【全面涨价？五粮液称没有的事 其他酒厂：我们也没】29日一大早，关于“五粮液大商‘集体’宣布系列酒涨价”的消息在网上和朋友圈迅速传播开来。但记者追问此次五粮液系列酒涨价信息时，得到公司方面的否认，并且贵州茅台、洋河股份、伊力特、金徽酒等多家知名酒企均表示暂不考虑动价。（上证报）
1083196,11/29/2018,【多家系列酒经销商宣布涨价 五粮液回应称是市场自发行为】针对经销商涨价的行为，五粮液一位内部人士表示：“公司没有下发过类似通知，涨价应该是市场行为。”目前，无论是针对“普五”还是系列酒产品，五粮液官方尚无任何调价动作。（每日经济新闻）注：29日，有行业媒体曝出五粮液数家系列酒的总经销商正陆续给各级经销商下发涨价函的消息，称“多个经销商公司下发的调价函显示，从11月30日开始，公司所经销的五粮液系列酒产品价格将上调10%，其中个别产品价格上调25%。”
1083146,11/29/2018,【五粮液总经销产品将按度数、规格折算、制定出厂价 多个产品提价超10%】近日，多家五粮液股份公司系列酒总经销产品及其经销商向分销商、终端商发布提价通知：宜宾五粮液股份有限公司系列产品，自2018年11月30日起全部产品价格上调10%。其中，五粮液股份公司旗下总经销产品“聖酒”系列的提价幅度达到25%，高于其他系列酒的总经销产品。22日召开的五粮液七大营销中心会议上，五粮液方面还透露了一个重磅信息，“所有总经销五粮液产品将按度数、规格折算、制定新的出厂价。（酒业家）
1082816,11/29/2018,【五粮液大商“集体”宣布系列酒涨价】据悉，五粮液数家大商正陆续给各级经销商下发涨价函，主要内容为：宜宾五粮液股份有限公司系列产品，自2018年11月30日起全部产品价格上调10%。在这些涨价函中，区域已经涉及四川、河南、江苏、山东等地，涨价产品包括五粮液股份系列全线产品，涨价幅度在10%-25%。
1080485,11/24/2018,【北上资金加码白酒增持南航】本周北上资金成交活跃度走弱，周内成交金额创下11月份最低水平，南北双向净卖出。交投趋弱背景下，北上资金继续全面加仓了白酒股，五粮液连续5天登榜成交活跃股，位居净买入之首，金额达到4.24亿元，洋河股份和贵州茅台也获净买入。电子龙头股海康威视与大华股份也重获加仓，周内净买入金额均超过2亿元，不过京东方A被两度净卖出。另外，北上资金近期密集关注航空股，南方航空在本周三次登榜成交活跃股。
1080108,11/23/2018,【五粮液1618、39度、42度出厂价将上调】五粮液七大营销中心同时召开全国运营商2019营销政策宣贯会。会上透露出重磅消息：五粮液1618、39度五粮液以及42度五粮液等产品将加大市场投入，意味着上述产品的市场竞争力将进一步增强，经销商盈利将大幅提升。从经销商处获悉，上述产品涨幅分别为：12.36%、10.73%以及9.28%。（微酒）
1079491,11/22/2018,【五粮液升级版普五预计将于明年6月前择机上市】11月22日，五粮液全国7大营销中心举行主题为“激发渠道活力 实现品牌升级”的2019年五粮液营销策略说明会。据悉，升级版普五预计将于2019年6月前择机上市，老版普五也将停产。升级版普五上市后，将全面采用扫码积分系统，实施精细化、数字化的管理，并逐步实施控盘分利。高端五粮液、国际版五粮液即将在明年正式推出，年轻时尚版五粮液除了现有的施华洛世奇-缘定晶生系列之外，也会有新的产品布局。（微酒）
1078122,11/20/2018,五粮液在互动平台表示，天猫五粮液品牌旗舰2018年双十一销售同比增长25%，核心产品销售价格同比上涨40元\/瓶左右。
1078113,11/20/2018,【五粮液：双11天猫旗舰店销售同比增长25%】五粮液在互动平台表示，天猫五粮液品牌旗舰2018年双十一销售同比增长25%，核心产品销售价格同比上涨40元\/瓶左右。
1074835,11/13/2018,【宜宾市拟组建酒业投资集团：希望五粮液出资主导，整合小酒企】从宜宾市酒类促进管理局相关人士处了解到，宜宾市上月出台《关于白酒产业高质量发展的实施意见》。意见提到，宜宾市将牵头组建注册资本金不低于10亿元的宜宾酒业投资集团，其中五粮液集团作为该集团中最大的出资方，将出资不低于5亿元投资基金。另外，出资不低于3亿元的市国资公司，以及其他有意向的大企业都可共同参与。宜宾酒业投资集团将对宜宾市中小白酒生产企业进行资源整合，进一步解决宜宾酒类企业小而散的问题。（澎湃）
1074437,11/13/2018,【宜宾将组建酒业投资集团 五粮液集团为最大出资方】随着集约化成为行业趋势，区域小酒企有机会借力名优品牌跳上资源整合的快车。宜宾市近日出台最新《关于支持白酒产业高质量发展的实施意见》提出，将组建注册资本金不低于10亿元的宜宾酒业投资集团。其中，五粮液集团作为最大出资方，带头整合小酒企解决小而散的问题。不过，行业专家认为，在五粮液产能尚待释放的利好下，如何共享大酒企的资源，五粮液又将怎样处理政府牵头下的角色定位，都将是这一进程中的难点。（北京商报）
1067179,10/30/2018,【白酒板块跌幅扩大 口子窖逼近跌停】继昨日贵州茅台、五粮液、洋河股份等11只白酒股跌停后，今日早盘白酒板块继续下挫，截至发稿，口子窖逼近跌停，顺鑫农业，贵州茅台跌超7%，古井贡酒跌近6%，五粮液跌超5%。
1067092,10/30/2018,【白马股集体重挫 机构抱团松动现分歧】以白酒为代表的大消费板块29日下跌明显，三季度基金重仓持有的贵州茅台、五粮液、洋河股份等明星股跌停。受此影响，部分基金净值或承压。不过，部分基金在三季度提前减持贵州茅台。对于白马蓝筹的未来走势，短期趋向谨慎成为机构共识，但长期看法出现分歧。随着资金从一线白马蓝筹流出，被显著低估的绩优中小创个股性价比凸显。（中证报）
1067079,10/30/2018,【贵州茅台5年后再现跌停 沪股通1.49亿资金抄底】10月29日，贵州茅台罕见一字跌停。在贵州茅台跌停之际，沪股通资金昨日净买入1.49亿元，逆势抄底。而自9月28日以来，沪股通已经连续17个交易日减持贵州茅台，累计减持数量接近900万股，减持金额接近60亿元。此外，昨日深股通还净买入洋河股份1.12亿元，净买入五粮液6783万元。（证券时报）
1066665,10/29/2018,白酒股批量跌停，三机构席位卖出五粮液近1亿元，深股通买入1.44亿元并卖出7639万元；四机构席位卖出洋河股份近2亿元，深股通买入2.58亿元并卖出1.46亿元。
1066590,10/29/2018,【五粮液：与万盈金融平台没有关系】五粮液29日在互动平台上回答投资者提问时表示，五粮液股份公司与万盈金融平台没有关系。有投资者提问，五粮液股份公司副董事长为何会出现在10月15日深圳万盈金融涉及18亿代偿的谈判会议上？公司是否涉入万盈金融平台逾期案？对此，五粮液做出上述回应。
1066451,10/29/2018,【白酒股集体暴跌 板块5天市值缩水超3400亿元】白酒股集体暴跌，截至发稿，贵州茅台、洋河股份、口子窖、顺鑫农业跌停、五粮液逼近跌停。据统计，近5个交易日，A股白酒板块总市值缩水超3400亿元。消息面上，今年贵州茅台前三季度的业绩增速有所放缓。公司第三季度的净利实际同比增长率仅为2.71%。
1066442,10/29/2018,  深证成指跌2%，上证综指跌1%，创业板跌逾1%；白酒板块再度领跌，贵州茅台跌停，五粮液、洋河股份一度跌停。
1066439,10/29/2018,五粮液、洋河股份一度跌停。
1066436,10/29/2018,快讯：白酒股集体暴跌，贵州茅台、顺鑫农业、五粮液、口子窖跌停，古井贡酒、老白干酒跌逾9%。
1066435,10/29/2018,  白酒股集体杀跌，口子窖跌停，顺鑫农业、古井贡酒、五粮液、水井坊、洋河股份均跌超9%。
1066434,10/29/2018,快讯：白马股集体暴跌，茅台开盘跌停，五粮液逼近跌停，美的集团跌逾8%，顺丰控股跌逾6%。
1066387,10/29/2018,【茅台、五粮液三季度业绩增速放缓 但市场还未到悲观时】茅台的前三季度增速相比半年报时几乎折半。业内认为，三季度增速放缓原因众多，下一阶段高端酒增速将放缓，但市场还未到悲观时。前三季度贵州茅台实现营业收入522.42亿元，同比增长23.07%；归属净利润247.34亿元，同比增长23.77%。第三季度，贵州茅台的业绩回落到仅有个位数增长，营收仅增长3.20%；归属于上市公司股东的净利润增速也仅有2.71%。而今年中报，公司的营业收入尚保持四成的增速。盛初集团董事长王朝成认为，目前还不到悲观的时候，市场表现只是夸大了“非理性情绪”，当前宏观经济走势虽有不确定性，但仍需观望，短期内未必有很大的变化。此外针对之前的利空因素——国家加强烟酒监督管理方面，对于白酒行业本身影响比较小，因为目前从消费结构上看，白酒消费者年龄偏大，而非未成年人。（一财）
1066315,10/28/2018,【茅台、五粮液三季度业绩增速放缓 行业整体不悲观】贵州茅台、五粮液两大白酒巨头公布了三季报，两巨头的收入和净利润增速都有不同程度下滑，茅台的前三季度增速相比半年报时几乎折半。一位白酒行业资深观察人士表示，今年以来，市面上的茅台酒炒作气氛有所放缓，因此公司的整体投放量也有所放缓。业内认为，未来高端白酒增长还将保持平稳，整体增速可能会放缓，但市场还未到悲观时。（一财）
1066132,10/28/2018,【五粮液：前三季度净利润94.94亿元 同比增长36.32%】五粮液公告，2018年前三季度实现营业收入292.5亿元，同比增长33.09%；净利润94.94亿元，同比增长36.32%。
1065189,10/26/2018,【基金三季度逆市加仓，重点加仓金融地产板块，平安宁德受宠】基金三季报日前披露完毕，根据Choice数据统计，偏股基金平均仓位增加约1个百分点，弱势走强。基金调仓换股比较积极，显示了与往不同的操作思路。行业方面，三季度基金对金融、地产行业加仓较多，其中金融业加仓了3.43个百分点，房地产业加仓了0.49个百分点。截至三季末，中国平安仍是基金持仓第一大股，另外贵州茅台、招商银行、伊利股份、格力电器、美的集团、五粮液也仍在基金前十大持股中，宁德时代成为基金增仓幅度最大的个股。
1063734,10/24/2018,受欧美股市下跌带动，沪深两市早盘双双低开，石油板块领跌，中国石油大跌近4%，白酒股持续走弱，洋河股份、口子窖、五粮液等多股均跌超2%。
1063097,10/23/2018,快讯：白酒板块继续下跌，口子窖、洋河股份跌停。贵州茅台跌逾8%，古井贡酒跌逾9%，五粮液跌8%。
1057875,10/12/2018,【五粮液：免去余铭书监事会主席职务五粮液】10月12日晚间公告，根据宜宾市国资委《关于余铭书免职的通知》文件精神，公司监事会决定免去余铭书监事会主席职务，提议免去其监事并履行法定程序。日前，宜宾市纪委监委消息称，余铭书涉嫌严重违纪违法，目前正接受纪律审查和监察调查。
1057285,10/11/2018,【北上资金今日净流出35亿元 五只白马股遭集中卖出】10月11日，北上资金连续第四日呈现净流出，今日净流出额35.17亿元。盘后数据显示，贵州茅台、中国平安、五粮液、海康威视、恒瑞医药净流出额居前，分别遭净卖出8.93亿元、7.94亿元、5.33亿元、3.84亿元、3.42亿元，以上五股合计净流出29.47亿元，占今日净流出总额的84%。
1056259,10/10/2018,白酒股重挫，泸州老窖、山西汾酒、水井坊、洋河股份均跌超6%，口子窖、舍得酒业、涮新农业等均跌超5%，贵州茅台跌3.57%，五粮液跌逾4%。
1050848,9/27/2018,【北上资金成交额剧增 继续加仓白酒龙头】9月26日，上证综指收涨近1%收复2800点，A股主要股指反弹，当天互联互通市场成交活跃，北上资金成交总额达318亿元，创下7月以来次新高水平。从成交活跃股来看，蓝筹股出现分化，北上资金重拾对白酒股偏好，出货家电、医药股。9月26日贵州茅台稳居北上资金净买入榜首，五粮液、洋河股份及海天味业、伊利股份等食品饮料板块标的也均获净买入。
1050267,9/26/2018,酿酒板块集体走强，洋河股份涨超5%，山西汾酒、重庆啤酒、贵州茅台、水井坊、五粮液等涨超3%。
1049658,9/25/2018,【四川省财政厅：五粮液、泸州老窖业绩明显企稳改善】日前，四川省财政厅官网披露《2018年1-8月全省国有及国有控股企业经济运行情况》，其中披露四川省宜宾五粮液集团有限公司1-8月实现利润超过117亿元，同比增长30.7%；泸州老窖集团有限责任公司1-8月实现利润超过43亿元，同比增长25.2%。（中证网）
1049495,9/25/2018,【中金：降低五粮液目标价 维持买入评级 公司不再将产品提价作为首要任务】中金调低五粮液目标价，因公司不再将产品提价作为首要任务。中金将五粮液2019年提价预测从5%降至3%；2018年和2019年净利润预测分别下调1.4%和3.5%，至127.3亿元和166.4亿元；将目标价从118元下调至115元，较周五收盘价高出73%。
1047536,9/20/2018,【五粮液：遵循“量价平衡”原则 不会单纯盲目地提高价格】两节临近，针对竞品在节假日期间涨价的情况，五粮液20日在互动平台表示，公司会结合市场的实际情况、遵循“量价平衡”的原则，不会单纯盲目地提高价格。
1045335,9/17/2018,【中秋茅台需求旺盛，批价持续上行】据华创证券调研，本周茅台批价环比继续上行，其中北京1760元、上海1720元、深圳1760-1780元、山东1770、四川1730元，主要系临近中秋旺季需求加大，部分经销商9-10月货还未全部到位，货源紧张，渠道相对缺货。五粮液动销平稳，批价保持稳定。本周普五各地批价均在825-830元之间，动销正常。
1045253,9/16/2018,【销售旺季来临 高端白酒需求向好】中秋节即将到来，白酒市场迎来今年下半年第一个销售旺季。媒体报道，茅台等高端白酒供不应求，市场价一路飙升。目前飞天茅台的市场价格已涨至1850元\/瓶，部分渠道甚至更高。另据券商草根调研显示，近期市场和渠道反馈白酒出货量正常，好于市场预期。中银国际认为，中秋白酒行业销售可保持较快增长，主力品种价格坚挺，预计第三季度上市公司总体营收可以增长15%-20%。公司方面，古井贡酒、五粮液等上半年业绩增速较快。（上证资讯）
1040724,9/7/2018,【五粮液：对今年利润实现30%以上增长的目标充满信心】五粮液在最新发布的《投资者关系活动记录表》中称，今年销售费用率呈现出下降的趋势。公司对2018年营业收入实现26%增长、利润实现30%以上增长的目标充满信心。五粮液同时表示，按照公司规划，2020年，公司力争实现收入600亿元，利润总额300亿元。此规划未作调整。
1040698,9/7/2018,【五粮液：今年销售费用率呈现出下降趋势】五粮液(000858)在最新披露的投资者关系活动记录表中称，核心产品自去年实现终端顺价销售以来，公司减少了对经销商补贴的直接投入，转变为对终端市场打造的投入。今年上半年在营业收入同比增长、销售费用与去年同期基本持平的情况下，销售费用率仅为10.06%。以前对经销商直接投入的费用较高，今年销售费用率则呈现出下降趋势。2020年公司力争实现收入600亿元，利润总额300亿元，此规划未作调整。
1039503,9/5/2018,【北上资金净卖出31亿元，创下入摩以来单日最高值】9月5日，借助沪、深股通的北上资金合计净卖出约31亿元，创下A股纳入MSCI新兴市场指数以来单日最高金额，其中，沪股通净卖出高达24亿元。成交活跃股中，仅洋河股份和五粮液获净买入，其余均遭净卖出，贵州茅台遭净卖出金额最大，高达3.5亿元。港股获南下资金净买入，当天港股通净买入将近12亿港元。
1036169,8/30/2018,早盘白酒股持续走高，洋河股份大涨超5%，口子窖、古井贡酒、迎驾贡酒、山西汾酒、今世缘、五粮液、贵州茅台等个股均有不俗表现。
1034325,8/27/2018,【白酒公司密集披露半年报：仅一公司业绩下滑 证金调仓换股】27日晚，五粮液、古井贡酒、泸州老窖、山西汾酒、青青稞酒披露半年报。目前已有16家白酒公司披露中期业绩，仅剩洋河股份、金种子酒、*ST皇台未披露。从业绩看，除青青稞酒净利下滑，其余公司的营收、净利全部实现增长；从股东来看，证金公司增持了泸州老窖、五粮液，退出山西汾酒前十大股东、减持了贵州茅台；从预收账款看，多家公司较期初出现大幅下降，包括水井坊、今世缘、贵州茅台等，其中茅台称是因积极改进收款方式。
1034199,8/27/2018,五粮液半年报：实现营业收入214.21亿元，同比增长37.13%；实现净利润71.1亿元，同比增长43.02%。
1033485,8/25/2018,【北上资金单周净买入重返百亿元】本周，沪深两市“地量”调整，互联互通市场也进入低位成交，北上资金成交总额连续三周环比下降，不过净买入金额反弹，重回百亿元阶段高位，并重点流向金融、白酒类蓝筹股，中国平安、贵州茅台、五粮液等成交活跃股获加仓力度居前，医药股遭出货。（证券时报）
1033304,8/24/2018,【五粮液监事会主席余铭书涉嫌严重违纪违法被审查】今日晚间，四川省纪委、监察委官网发布文章援引宜宾市纪委监委消息称，五粮液集团有限公司党委委员、工会主席、监事会主席，五粮液股份公司党委委员、监事会主席余铭书涉嫌严重违纪违法，目前正接受纪律审查和监察调查。
1030470,8/20/2018,【北上资金大举流入 中国平安、贵州茅台均获沪股通净买入逾4亿元】8月20日，中国平安、贵州茅台分别获沪股通净买入4.86亿元、4.31亿元，成为当天获北上资金净买入金额前两位的成交活跃股，五粮液、美的集团紧随其后；恒瑞医药被沪股通净卖出金额居首，达到2.13亿元。当天，北上资金合计净买入近57亿元。
1027664,8/14/2018,【高盛：下调五粮液每股收益预估和目标价】高盛将五粮液2018-2021每股收益预测下调1%，以反映更高的营收和管理费用；目标价从100.7元下调至99.65元。公司发布的上半年业绩初值显示，尽管其利润基本符合高盛预期，但营收和管理费用高于高盛预期，而净利润低于预估。
1027306,8/13/2018,五粮液2018 年上半年预计实现营业收入约 212 亿元，同比增长 36%左右；预计实现利润总额约 97 亿元，同比增长 39%左右。
1026985,8/13/2018,【7000亿成都农商行或将重归国有，接盘财团成员包括五粮液集团】在被民营实际控股7年后，总资产超过7000亿元的成都农商行或将重归国有。一位消息人士称，“四川省国资与成都市国资将联手接盘，并以成都国资为主。”另一位消息人士介绍，具体的财团成员包括，四川省属国资企业——四川发展，成都市国资委下辖的成都金控，以及四川宜宾市属国企——五粮液集团，整个交易作价约为196亿元。消息人士亦表示，这一方案目前还可能有一定变数。（经济观察报）
1026979,8/13/2018,【经济观察报：四川国资企业或以196亿元购买成都农商行部分股权】在被民营实际控股7年后，总资产超过7000亿元的成都农商行，或将重归国有。一位消息人士称，“四川省国资与成都市国资将联手接盘，并以成都国资为主。”另一位消息人士则介绍，具体的财团成员包括，四川省属国资企业——四川发展，成都金控，以及四川宜宾市属国企——五粮液集团。整个交易作价约为196亿元。上述消息人士亦表示，这一方案目前还可能有一定的变数。
1022950,8/3/2018,【中金：预计五粮液今年营收增长超过30% 建议积极重仓】中金公司称，调研显示五粮液销售基本面继续保持强劲，预计上半年营收同比增34%，下半年在去年基数较高的背景下预计仍然可以达到30%。建议积极重仓五粮液。
1015935,7/19/2018,【五粮液人事变动：邹涛出任集团副董事长】从五粮液方面获悉，五粮液集团已任命党委副书记邹涛为五粮液集团副董事长。协助五粮液股份公司董事长刘中国分管销售工作；分管市场部、销售服务部、七大营销中心、品牌保护部；联系长江源公司、基金公司。（酒业家）
1013277,7/13/2018,五粮液：宜宾市国有资产经营有限公司董事长张辉（其现任公司第五届董事会董事）正接受纪律审查和监察调查，上述事项不会对本公司生产经营和长远发展产生影响。
1013039,7/13/2018,【五粮液泸州老窖1573都停止供货 分析称为涨价做准备】在白酒行业传统淡季的7月前后，国内几大白酒品牌却动作频频：五粮液、泸州老窖、山西汾酒前后对旗下明星产品已进行全面停货，洋河股份也在本月初对旗下明星产品出厂价及终端供货价同时进行了上调。在控量和保价的背后，有分析认为，这是白酒企业维持现行价格，迎接8月以后中秋国庆旺季来临前的重要手段。（界面）
1009836,7/6/2018,【白酒板块高景气度有望延续】分析人士指出，白酒板块因周期属性而起势，因消费属性而持久。居民消费收入的持续增长，中等收入群体的快速崛起，都将推升优质白酒的需求，白酒板块高景气度有望延续。近30日内，白酒板块中有16只个股受到机构推荐，其中6只个股获5家及以上机构给予“买入”或“增持”等看好评级，具体来看，古井贡酒机构看好评级家数为13家，备受青睐，五粮液、洋河股份、水井坊、泸州老窖、山西汾酒等5只个股也均获5家及以上机构集体看好。（证券日报）
1009346,7/5/2018,【茅五“双雄会”：2018年上半年五粮液利润总额110亿，茅台利润同比增逾五成】7月4日，2018年遵义·宜宾、茅台·五粮液合作交流座谈会在五粮液怡心园举行。会上，茅台集团董事长李保芳透露，茅台集团2018年上半年销售大约450亿，增长46%；利润大约235亿，同比增长约51%，税收大约200亿。五粮液董事长李曙光则透露，上半年集团销售475亿，利润总额110亿。（酒业家）
1009335,7/5/2018,【茅台集团：未来要把品质和品牌作为头等大事来抓】7月4日，2018年遵义·宜宾、茅台·五粮液合作交流座谈会在五粮液怡心园举行。茅台集团党委书记、董事长、总经理李保芳透露，茅台集团2018年上半年销售约450亿元，增长46%；利润约235亿元，同比增长约51%，税收约200亿元。未来，茅台要把品质和品牌作为头等大事来抓。
1009254,7/5/2018,白酒股早盘走强，洋河股份、贵州茅台、山西汾酒均涨逾3%，水井坊、泸州老窖、五粮液、伊力特、老白干酒、今世缘、舍得酒业等涨逾2%。
1007630,7/2/2018,【白酒股半年盘点：舍得老白干老窖五粮液掉队 顺鑫称雄】白酒板块上半年整体跌幅为1.02%，成功跑赢大盘。数据显示，在26只白酒股中，有11只个股上半年实现上涨，今世缘区间涨幅近50%，*ST皇台以55%的跌幅居跌幅榜首位。贵州茅台上半年多股价多次突破800元大关，市值也突破万亿，在A股名列第7。
1007164,6/30/2018,【A股这半年 北上资金净买入1602亿】据统计，今年以来，北上资金累计成交净买入1601.85亿元，其中，沪港通净买入854.79亿元，深港通净买入747.06亿元。在沪股通中，北上资金共对贵州茅台、恒瑞医药、中国平安、长江电力、伊利股份、上海机场、中国国旅、上汽集团和招商银行等9股持有市值超100亿元。深股通方面，北上资金对美的集团、海康威视、格力电器、五粮液、洋河股份等5股持有超百亿市值。（券商中国）
416105,6/29/2018,【A股上周大跌以来外资净流出29亿元 而中国平安仍获13亿净流入】据彭博，自6月19日上证综指重挫、并接连失守3000、2900、2800点整数关以来，互联互通北向资金净流入合计29亿元；而其中，中国平安仍录得合计13亿元净流入。过去8个交易日连续出现在北向成交活跃股名单中、且录得净流入的股票：中国平安、伊利股份、洋河股份、恒瑞医药、贵州茅台。录得净流出的股票：万科、美的集团、海康威视、格力电器、五粮液、平安银行、海螺水泥。
415637,6/28/2018,【中国酒业大数据中心在五粮液集团揭牌成立】该中心由中国酒业协会牵头，五粮液集团、电子科技大学和浪潮集团共同发起成立，是集中国酒业数据获取、处理、共享、分析、挖掘、应用和产业化为一体的酒业大数据全产业链服务平台，下设酒业生态大数据、酒业营销大数据、酒业生产大数据等3个专业研究所，通过酒业大数据的产学研用一体化实践，为传统产业的转型升级赋能，让更多的酒类企业和研究所共享大数据技术红利。
415509,6/28/2018,"""""白酒板块表现低迷，古井贡酒、舍得酒业、伊力特、今世缘大跌5%，贵州茅台、五粮液、洋河股份跟跌。"""
414997,6/27/2018,"白酒板块午后大幅下挫，伊力特跌7%，今世缘、迎驾贡酒跌6%，古井贡酒、重庆啤酒、舍得酒业、五粮液、贵州茅台纷纷跟跌。"""
413806,6/25/2018,白酒股持续走强，古井贡酒大涨5%，再创历史新高，口子窖、伊力特、五粮液、顺鑫农业、酒鬼酒均涨逾3%。
413480,6/23/2018,"【普五今日起暂缓接受订单，目前订单量已超全年计划量，恢复接单时间待定】今日五粮液酒类销售有限公司下发《关于暂缓接受52度新品五粮液订单的通知》。通知称，从6月23日起暂缓接受500mL装52度新品五粮液酒订单，具体恢复接受订单时间待定。"""
405710,6/7/2018,【中金：未来1年白酒板块的整体盈利能力提升是确定的】中金公司发布的研究报告指出，未来1年，白酒板块的整体盈利能力提升是确定的，一线名酒有进一步的费用压缩空间，其他名酒在次高端市场营收强劲增长。建议投资者继续加仓贵州茅台、五粮液和泸州老窖的同时，战略性重视全国化次高端龙头的加大投入带来的持续高成长，同时区域龙头在次高端市场的规模还有待进一步提升，规模效应会滞后。
404002,6/4/2018,五粮液6月8日召开2017年度股东大会。
403792,6/4/2018,【雪佛龙和华平投资组成财团 联合竞标必和必拓页岩资产】路透援引不具名知情人士报道，雪佛龙公司和华平投资组成财团，将竞标必和必拓的美国陆上油气资产。此前必和必拓首席执行官Andrew Mackenzie于5月15日在迈阿密发表演讲时表示，投标将在未来几周进行，资产的出售最早可能会在年底前公布。
403785,6/4/2018,白酒板块午后持续走强。截至发稿，水井坊领涨，老白干酒、贵州茅台、口子窖、五粮液、山西汾酒、舍得酒业、顺鑫农业等个股纷纷领涨。
403659,6/4/2018,【方正证券：200至500元次高端白酒将大发展 茅台价格坚挺缺货普遍】方正证券食品饮料团队6月4日研报透露，春节后调研走访今世缘、贵州茅台、古井贡酒、洋河股份和口子窖等酒企，公司高管都非常看好消费升级加速趋势，验证了方正对200-500元次高端价格带大发展的判断。目前市场认知仍然不充分，待中报、三季报落地强化信心，随着白酒主流价位加速上移以及次高端占比提升，预计明年业绩增速将更乐观。上周茅台批价坚挺在1650左右，缺货现象较普遍；五粮液批价稳定在820元至830元。 
403481,6/3/2018,【招商策略：5月陆股通创下单月流入新高，外资加配消费蓝筹】今年以来，在A股纳入MSCI的驱动下，外资积极建仓布局，累积净流入1316.93亿元。5月北上资金净流入508.51亿元，创下沪深港通开通以来单月净流入最高规模。当月外资大幅加仓食品饮料、银行、医药生物等行业，集中买入消费蓝筹。具体到个股上，5月外资净买入规模最高的为贵州茅台，净买入46.3亿元；其次为五粮液，累积净买入41亿元。而净卖出规模最高的为上海机场，累积净卖出5亿元。（招商证券）
401882,5/31/2018,【北上资金积极布局MSCI成分股】多只MSCI成分股获北上资金加仓，大金融及以医药生物为代表的大消费依然是外资主要配置方向。5月以来，外资增持最为突出、持股比例变动排名前三的沪股通标的分别为王府井、飞科电器和水井坊，外资持股比例变动均超过2%。持股比例变动较大的还有国药股份、中国软件、山鹰纸业、海螺水泥等。深股通方面，大族激光成为外资增持比例变化最为明显的标的，变动量超过2%。此老板电器、承德露露、五粮液、乐普医疗等个股增持比例也在1%以上。（上证报）
398087,5/24/2018,【中金：部分MSCI纳A成份股或有短线机会 包括贵州茅台等】中金王汉锋等报告称，临近MSCI正式纳入A股，部分纳入成分可能存在短线交易机会。从行业特征、基本面和估值等方面筛选出9只股票包括：贵州茅台、海康威视、美的集团、五粮液、伊利股份、中国国旅、立讯精密、华东医药、大族激光。
396128,5/21/2018,【北上资金单周净买入创纪录，七成入摩标的获增持】上周，明晟MSCI公布了最新意向纳入A股成分股名单，受此影响，互联互通市场明显提振，北上资金单周净买入达到161亿元，创下深港通开通以来单周净买入最高金额。其中，七成以上入摩成分股获北上资金增持，五粮液、贵州茅台、大族激光增持金额居首，另外，多只煤炭、化工龙头股获罕见的大力度加仓。（证券时报）
396078,5/20/2018,【北上资金闪电加仓入摩股票：单周净买入161亿创历史新高】本周，MSCI公布了6月A股正式入摩前最新意向成分股名单，互联互通市场受到明显提振，北上资金单周净买入达到161亿元，创下深港通开通以来单周净买入最高金额。其中，7成以上入摩成分股获北上资金增持，五粮液、贵州茅台、大族激光增持金额居首，另外，多只煤炭、化工龙头股获罕见大力度加仓。（证券时报）
390819,5/10/2018,【19家酒企去年总薪酬72亿元 茅台员工人均年薪9.25万元】Choice数据显示，A股19家白酒上市公司2017年支付给员工的工资薪酬合计72亿元，而它们去年创造的净利润合计为522亿元。虽然贵州茅台、五粮液和洋河股份三家公司的净利润占比达到80%以上，但是，这三家酒企的员工年度平均薪酬并不高，其中贵州茅台去年平均员工工资为9.25万元。而除了贵州茅台、五粮液、水井坊、泸州老窖4家公司员工年度平均薪酬超过5万元外，其它的酒企员工年度薪酬均低于5万元。（证券日报）
388932,5/7/2018,【酿酒板块集体拉升 洋河股份涨超4%】酿酒板块今日集体走强，截至发稿，今世缘涨超8%，顺鑫农业涨超6%，金种子酒、口子窖、伊力特、古井贡酒、洋河股份涨超4%，贵州茅台涨1.5%。彭博称，中国白酒股价近来遭遇滑铁卢，但下跌或是抄底良机。无论是从利润率、估值还是现金流来看，贵州茅台、五粮液等仍然酒香四溢，吸引力未减分毫。
388862,5/7/2018,【外媒：抄底良机？中国白酒股这三大特点依然芳香醉人】彭博称，中国白酒股价近来遭遇滑铁卢，但下跌或是抄底良机。无论是从利润率、估值还是现金流来看，贵州茅台、五粮液等仍然酒香四溢，吸引力未减分毫。①以利润率而言，中国的白酒股在全球饮料股中名列前茅。贵州茅台、洋河股份及五粮液的EBITDA利润率皆在四成以上，全球饮料股的均值只有19%。②从现金流来看，五粮液、洋河股份等白酒股过去五年自由现金流的增速平均超过一倍，增幅远超青岛啤酒和华润。③国际烈酒商每股收益的展望为15%左右，但茅台和五粮液是20-30%；Bernstein称，从基本面来看，白酒应该估值更高，但它们却更便宜。
388498,5/5/2018,【19家白酒上市公司不差钱 千亿现金竟买理财产品】作为最不差钱的行业，白酒企业一向被认为是现金丰厚。统计显示，19家白酒上市公司共在账上沉淀了货币资金1562.68亿元。其中，贵州茅台、五粮液的货币资金都在百亿以上。而买各种理财成为白酒企业的重要现金增值手段。2017年年报数据显示，有9家白酒企业买理财的金额都在亿元以上。（央视）
386909,5/2/2018,【证金公司一季度增持中国平安等多只白马股】中国基金报统计，证金公司一季度大举增持了中国平安、格力电器、中国中车、中国建筑、五粮液、三一重工、美的集团、招商证券等，增持金额都在10亿元以上。
385262,4/27/2018,五粮液：2017年实现净利润96.7亿元，同比增长42.58%；拟10派13元；2018年一季度实现净利润49.7亿元，同比增长38.35%。
380469,4/19/2018,【北上资金净买入茅台美的，单日净买入额均创次新高】北上资金今日继续流入A股，沪、深股通分别净买入34.5亿元、18.16亿元，延续高位流入态势。成交活跃股中，贵州茅台、美的集团分别获净买入7.22亿元和5.22亿元，分别创下单日净买入次新高；中国平安、五粮液、恒瑞医药、格力电器和招商银行净买入额均超过2亿元。京东方A、分众传媒和上汽集团则遭净卖出。（证券时报）
378832,4/17/2018,【爆款基金兴全合宜股票仓位已超50％，中兴通讯位列十大重仓股】公告显示，截至4月16日，兴全合宜股票投资占基金总资产的比例为51.07%，固定收益资产占基金总资产的比例为26.71%，两者合计占比77.78%。根据公告，兴全合宜前十大重仓股为中国平安、三安光电、五粮液、隆基股份、伊利股份、白云机场、东方雨虹、中际旭创、中兴通讯、大族激光，其中既有价值股龙头，还有一些颇具成长空间的成长股龙头。
378296,4/17/2018,【北上资金再现逆市操作 斥资逾18亿元布局9只龙头股】在昨日市场整体回调之际，北上资金再次出现逆市操作，沪股通、深股通昨日分别净流入13.95亿元、13.23亿元，合计净流入金额约27.18亿元。其中，中国平安（30440.33万元）、五粮液（25986.26万元）、美的集团（23607.04万元）、海螺水泥（18570.98万元）、伊利股份（18378.28万元）、贵州茅台（18081.10万元）、招商银行（17723.76万元）、洋河股份（15220.20万元）、恒瑞医药（14114.63万元）等9只个股昨日北上资金净流入额均超过1亿元，合计金额18.21亿元。（证券日报）
371144,3/30/2018,【五粮液社会库存降至7% 低于行业平均水平】今年一季度五粮液产品发货量约6000吨，新品五粮液表现突出，动销占全年投放量的30%左右，高于往年同期，公司顺利实现开门红。五粮液当前社会库存率从去年年底的9%下降至7%，低于行业平均水平。五粮液方面对此表示，公司正积极生产备货，并将通过七大营销中心一线分仓体系进行调配供应，尽量保障市场正常需求。（云酒头条）
370740,3/29/2018,上证50指数探底回升翻红，浙商证券、华泰证券、五粮液、格力电器、美的集团纷纷拉升。
370269,3/28/2018,白马股午后持续下挫，贵州茅台大跌近6%，洋河股份跌5%，五粮液跌4%，格力电器、海天味业、青岛海尔集体走弱。
370179,3/28/2018,【白酒股表现低迷 贵州茅台跌逾3%】白酒股领跌两市，贵州茅台大跌3%，股价位于690元上方，跌破700元整数关口；五粮液、泸州老窖、山西汾酒等跌超2%。贵州茅台昨日披露年报，公司2017年净利同比增62%，拟10派109.99元。
366960,3/20/2018,【宜宾五粮液集团前两个月利润总额近34亿 同比增长54.9%】2018年1-2月，四川全省国有企业利润同比增幅较大的行业为交通、煤炭、建材等。四川省两大酒类品牌五粮液、泸州老窖经过四年多的深度调整，伴随着白酒行业泡沫逐渐挤出和市场的逐步回升，业绩呈现明显的企稳改善趋势。宜宾五粮液集团有限公司前两个月实现利润总额接近34亿元，同比增长54.9%。泸州老窖集团有限责任公司前两个月实现利润超过10亿元。
366950,3/20/2018,【全国首只乡村振兴基金在川投运】总规模达100亿元的宜宾五粮液乡村振兴发展基金，近日通过中国证券投资基金业协会审核，标志着全国首只乡村振兴基金在川成立并投运。该基金的成立，是破解现代特色农业建设投融资难题、减轻乡村振兴资金压力的新尝试。将充分发挥国有资本杠杆作用，采取国资引导、社会领投方式募资，引导金融资本、社会资本全面参与基金组建。（四川日报）
364118,3/13/2018,【五粮液董事长：建议降低白酒出口关税】全国人大代表、五粮液集团董事长李曙光提交了《关于推动中国白酒产业国际化发展的建议》的议案。李曙光称，2002年以来，我国已大幅下调进口葡萄酒关税，而中国白酒目前在出口国依然面临较高关税，导致零售价格过高。其还建议在中国白酒企业国际并购过程中，给予政策指导和支持。包括五粮液在内的中国白酒企业都在国际市场上对洋酒企业、葡萄酒企业开展了一系列战略性并购。在这方面迫切需要得到国家相关政策的支持和指导。（证券日报）
362348,3/8/2018,白酒股异动拉升，口子窖涨逾6%，五粮液涨逾4%。
361708,3/7/2018,早盘白酒板块走高，酒鬼酒涨超6%，山西汾酒涨超4%，水井坊、舍得酒业、洋河股份、五粮液等个股跟涨。
361153,3/6/2018,白酒板块持续下跌，洋河股份大跌超5%，泸州老窖、五粮液、贵州茅台、山西汾酒、古井贡酒等个股跌幅超2%。
356881,2/23/2018,【北上资金净买入翻倍 喝酒吃药风格延续】2月22日，环比节前北上资金成交活跃，净买入金额翻倍至近24亿元，操作上基本延续了节前喝酒吃药风格，白酒股获活跃成交，金融股则进一步分化。成交活跃股中，白酒股成交金额居前。其中，五粮液再度蝉联净买入金额之首，金额达2.27亿元，环比节前翻倍。不过，北上资金对金融股采取了分化操作，平安银行获净买入1.5亿元，中国平安、工商银行等也获加仓，而招商银行被净卖出。（证券时报）
354657,2/13/2018,【泸州老窖：以国窖1573为代表的高档产品具有稀缺属性 利润率较高】近日，有投资者在互动平台向泸州老窖询问公司利润率远低于茅台、五粮液的问题，泸州老窖13日回应称，鉴于浓香型白酒生产工艺，公司主营产品分为高中低三个档次，其中以国窖1573为代表的高档产品具有稀缺属性，利润率较高，而满足大众消费的中低档产品占比超过5成，有着较高的性价比。
354563,2/13/2018,【春节一线白酒不愁卖：中高端量价齐增 茅台仍供不应求】走访发现，相比往年，今年白酒节前促销力度明显减小，一二线品牌价格有增无减。尽管如此，飞天茅台、五粮液等名酒依然供不应求。一些酒类卖场尽管没有任何减价促销措施，茅台、五粮液等一线白酒仍呈现出供不应求的景象。（新京报）
352033,2/6/2018,【外资出逃A股近百亿 贵州茅台净流出超14亿】沪深两市全线重挫，据交易所公布的数据显示，北向资金今日净流出96.64亿元，其中，沪股通净流出73.66亿元，深股通净流出22.98亿元。沪股通方面，贵州茅台净流出超14亿；深股通方面，美的集团、五粮液均净流出超5亿元。值得注意的是，虽然港股今日同样受挫，但依然阻止不了资金南下的决心，南向资金净流入逾80亿元。
351513,2/5/2018,【北上资金抄底白酒股 净买入五粮液创历史纪录】白酒板块重挫，五粮液下跌5.36%收于77.87元\/股，但获深股通净买入6.22亿元，创下深港通开通以来单日成交该股最高金额。不过，贵州茅台被沪股通净卖出约1.8亿元，连续4个交易日遭北上资金出货。
351513,2/5/2018,【北上资金抄底白酒股 净买入五粮液创历史纪录】白酒板块重挫，五粮液下跌5.36%收于77.87元\/股，但获深股通净买入6.22亿元，创下深港通开通以来单日成交该股最高金额。不过，贵州茅台被沪股通净卖出约1.8亿元，连续4个交易日遭北上资金出货。
351379,2/5/2018,【五粮液：3万吨投放量是结合公司实际、市场供求统筹做出的规划】五粮液最新披露的投资者调研会议记录表称，2018年2月将完成1000个终端俱乐部、1000个专卖店的建设，2018年6月份将完成10000个终端的基础建设。通过该工程的实施，首先是对渠道进行优化；其次，将通过终端的陈列和展示，进行品牌形象塑造；同时利用核心终端、公司营销团队，完成核心消费者的培育。五粮液3万吨的投放量是结合公司实际、市场供求关系统筹做出的规划。公司将通过营销创新，实现五粮液在高端市场中的品牌定位。公司既重视产能的扩张，更重视高质量的发展，五粮液将会坚持用心不惜代价、用功不计成本、用时不计岁月去酿造好每一瓶好酒。
351337,2/5/2018,五粮液一度下跌8.6%，创2015年11月来最大跌幅；洋河股份一度跌9.2%，创4月28日来最大下跌；泸州老窖下跌7.2%，创2016年2月份来最大跌幅。山西汾酒跌停。
350175,2/1/2018,【发改委白酒业价格政策告诫会：茅台五粮液被点名发言】1月31日，从白酒行业知情人士处了解到，国家发改委价监局在北京召开了白酒行业价格法规政策提醒告诫会，茅台、五粮液被点名作重点发言。据悉，会议旨在引导和推动白酒生产流通企业守法经营，维护市场价格秩序，营造公平竞争环境，促进白酒行业的健康发展。白酒告诫会对行业内影响很大，很有可能终止此轮中国白酒涨价潮。白酒行业分析师蔡学飞表示，白酒频繁涨价已经违背了大多数企业的发展初衷，作为日常消费品的白酒奢侈品化引起了社会舆论反弹，与国家政策精神相悖。（澎湃）
349900,1/31/2018,【国家发改委召开白酒行业价格法规政策提醒告诫会，点名茅台、五粮液重点发言】今日下午，国家发展改革委价监局在北京召开了白酒行业价格法规政策提醒告诫会，中国酒业协会、白酒主要生产流通企业、北京市糖业烟酒公司、北京市价格监督检查与反垄断局相关负责人参与了会议。会议旨在引导和推动白酒生产流通企业守法经营，维护市场价格秩序，营造公平竞争环境，促进白酒行业的健康发展。会上，茅台、五粮液被点名作重点发言。
349867,1/31/2018,29日，宜宾五粮液系列酒品牌营销公司发布文件，针对成品酒的价格有所调整。本次提价对象主要针对的是产品的包材，即除了酒体之外的其他包材，一般包括酒瓶、酒盒等材料；调整幅度整体为6%~7%。此外，暂停产品开发，一方面新品开发的通道关闭，另一方面过去开发产品新的条码不准开发。（酒说）
349323,1/30/2018,据五粮液集团官网消息，1月30日上午，在成都召开的四川省十三届人大一次会议第三次全体会议，选举产生了四川省第十三届全国人民代表大会代表。四川省人大代表，五粮液集团党委书记、董事长李曙光当选四川省第十三届全国人民代表大会代表。
349019,1/29/2018,1月29日，A股主要股指震荡下行，沪、深股通净双双净卖出，合计8.25亿元，系今年以来第二次双双净卖出，五粮液、格力电器、中国平安被净卖出金额居前，海康威视、三花智控净买入超过1亿元。相比，恒生指数收跌，但港股通净买入环比上个交易日增加至45.26亿港元，但H股中国平安、腾讯控股等被连续净卖出。
348842,1/29/2018,1月29日午后，白酒股持续下挫，沱牌舍得封跌停，伊力特大跌9%，古井贡酒、水井坊、口子窖、今世缘、五粮液均跌超4%，贵州茅台跌逾2%。
348795,1/29/2018,【白酒股持续走低 沱牌舍得跌近7%】 沱牌舍得跌6.77%，古井贡酒、皇台酒业、水井坊跌逾5%，伊力特跌4.73%，泸州老窖、口子窖、五粮液等股跌超3%。
347147,1/24/2018,【55只基金重仓股超10％红线 停牌和股价大涨是主因】根据基金2017年四季报，去年底有55只基金持有单只个股市值超过了基金资产净值的10%。其中重仓个股处于持续停牌或限售期内导致的被动超限是主要原因，也有不少基金在持仓个股市值小幅超过净值10%时没有及时减持，从而出现短暂超限。据统计，贵州茅台、中材国际为基金主动超限持股重灾区，截至去年底均被5只基金超限持有。此外，五粮液去年底的大涨也让鹏华策略回报、鹏华消费和鹏华品牌传承3只基金持有该股略有超限。（证券时报）
346319,1/22/2018,【白酒股拉升走强 沱牌舍得、水井坊涨逾4%】伊力特涨超3%，洋河股份、口子窖、五粮液、古井贡酒等股涨超2%。方正证券分析认为，18年高端白酒仍然增长最快，区域龙头的中高端和次高端发力，目前是估值洼地：展望18年，高端白酒仍然是增长最快的价位段，是消费升级受益最明显的价位。
345561,1/19/2018,【茅台集团董事长：茅台和五粮液要互搭快车 同心协力做大】1月18日，茅台集团董事长袁仁国在遵义市?宜宾市白酒产业发展座谈会上表示，当前是白酒行业乘风破浪的飞跃期，是白酒工艺精进臻善的成熟期，是中国白酒品牌走向世界的关键期。一花独放不是春，百花齐放春满园，茅台和五粮液要各唱各的拿手戏，各打各的特色牌，互搭快车，互相拼车，同心协力做大、做好遵义、宜宾两地酒业，共同开创酒业新局面。
345168,1/18/2018,【白酒股活跃走强】伊力特、水井坊、山西汾酒均涨近5%，沱牌舍得、洋河股份涨逾3%，五粮液、贵州茅台涨逾2%。
344792,1/17/2018,【白酒板块持续走低 五粮液跌逾5%】午后白酒板块持续走低。截至发稿，五粮液跌5.30%，泸州老窖、沱牌舍得跌逾4%，洋河股份、口子窖、山西汾酒、贵州茅台跌逾3%。
344693,1/17/2018,【五粮液推虎符令新品抢高端市场】1月16日五粮液联合北京钜华东鼎发布新品52度500ml五粮液虎符令，加码高端白酒市场。五粮液虎符令市场零售价为1399元，属包销产品，钜华东鼎为全国最大经销商。目前五粮液战略单品52度500ml新品五粮液，即普五终端价为1099元，而飞天茅台终端售价直逼2000元。五粮液此时推出五粮液虎符令，旨在切入普五与飞天茅台之间的价格空白区，抢占高端白酒市场份额，利用旺季动销谋利。（北京商报）
