date,news,
12/24/2020,【海通证券与国寿资产签署全面战略合作协议】12月23日，海通证券与中国人寿资产管理有限公司(简称“国寿资产”)签署全面战略合作协议。海通证券董事长周杰表示，期待双方在战略投资、长期投资、—二级市场联动等领域合作取得新进展，助力价值发现和多元资产配置，成为国内保险资管和证券公司合作的“最佳实践”。,1. 主体：海通证券；合作方：中国人寿资产；合作内容：全面战略合作协议。
12/21/2020,中国人寿：2020 年1月1日至2020年12月20日期间，累计原保险保费收入首次突破人民币6000亿元。,2. 主体：中国人寿；成就：2020年度原保险保费收入突破6000亿元。
12/16/2020,港股内险股拉升走高，众安在线涨近5%，新华保险、复星国际、中国人寿、中国太平等纷纷跟涨。,3. 主体：港股内险股；动态：拉升走高；相关公司：众安在线、新华保险、复星国际、中国人寿、中国太平。
12/11/2020,中国人寿公告，前11月累计原保险保费收入约为5862亿元，去年同期为5413亿元。,4. 主体：中国人寿；动态：前11个月原保险保费收入累计达5862亿元。
12/9/2020,港股保险板块回暖走高，中国太平涨3.9%，中国太保涨2.9%，友邦保险涨2.7%，中国平安涨2.2%，中国人寿涨1%。,5. 主体：港股保险板块；动态：回暖走高；相关公司：中国太平、中国太保、友邦保险、中国平安、中国人寿。
12/8/2020,【中国人寿一季度开门红求稳 不会脱离实际透支】中国人寿副总裁詹忠今日在开放日活动上表示，对于后疫情时代的第一个“开门红”，公司制订了周全的计划和切实的发展目标，将加大对市场的判断频率，不断调整局部市场策略，统筹好价值规模和价值增速，不脱离实际透支，最终追求可持续发展。,6. 主体：中国人寿；动态：一季度开门红；策略：不脱离实际透支，追求可持续发展。
12/8/2020,  港股保险股普跌，中国平安跌3.1%，新华保险跌1.6%，友邦保险跌1.1%，中国太保、中国人寿跌1%。,7. 主体：港股保险股；动态：普跌；相关公司：中国平安、新华保险、友邦保险、中国太保、中国人寿。
11/27/2020,港股内险股拉升，中国太平涨超2%，新华保险、中国人寿、中国太保等拉升跟涨。,8. 主体：港股内险股；动态：拉升；相关公司：中国太平、新华保险、中国人寿、中国太保。
11/25/2020,中字头板块开盘拉升，中国太保大涨6％，中材国际、中国人寿、中国平安、中国人保纷纷走高。,9. 主体：中字头板块；动态：开盘拉升；相关公司：中国太保、中材国际、中国平安、中国人保。
11/24/2020,中国人寿：拟认缴出资140亿元与多方合作成立合伙企业。,10. 主体：中国人寿；合作方：多方；合作形式：成立合伙企业；拟认缴出资金额：140亿元。
11/21/2020,  【国寿资本发起设立夹层策略基金 规模90亿元】日前，中国人寿旗下国寿资本投资有限公司发起设立规模为90.01亿元的启航夹层策略型基金。据了解，该基金为市场上首支由境内机构发起设立的聚焦于持有型不动产的夹层策略认缴制股权投资基金，基金将重点投资于服务内循环大局及支持国家战略新兴产业发展的持有型不动产，以践行保险资金服务实体经济的社会责任。同时，基金可有效对冲当前全球低利率环境下的收益率风险，为投资人提供稳定较高的期间收益与退出收益。,11. 主体：国寿资本；动态：发起设立夹层策略基金；规模：90亿元。
11/19/2020,【中国人寿集团与贵州省政府签订战略合作协议】11月18日，中国人寿集团与贵州省政府签订全面战略合作框架协议。双方未来将在保险保障、银行业务、产业基金、资产管理、年金业务、新基建业务等方面加强合作。（证券时报）,12. 主体：中国人寿集团；合作方：贵州省政府；合作内容：全面战略合作框架协议。
11/18/2020,上证综指午盘收涨0.47%，报3355.69点。中国人寿对指数上涨贡献最大，上涨3.7%。 哈尔滨东安汽车动力股份有限公涨幅最大，上涨10.1%。午盘交易中，1,13. 主体：上证综指；动态：午盘收涨；涨幅：0.47%；贡献最大公司：中国人寿。
11/18/2020,非银金融板块普涨，光大证券涨逾4%， 中信建投、浙商证券涨逾2%，中国平安、中国人寿等涨超1.6%。,14. 主体：哈尔滨东安汽车动力股份有限公司；动态：午盘涨幅最大；涨幅：10.1%。
9/28/2020,“2020中国企业500强”揭晓。中石化以2.81万亿营收排名第一，国家电网、中石油、中国建筑，工商银行、中国平安、建设银行、农业银行、中国银行、中国人寿进入前十。,15. 主体：非银金融板块；动态：普涨；相关公司：光大证券、中信建投、浙商证券、中国平安、中国人寿。
9/27/2020,【中国人寿：增持并举牌工商银行H股股票，持股比例上升至5.0219%】中国保险行业协会官网9月27日披露信息显示，中国人寿保险股份有限公司日前增持并举牌工商银行股份有限公司H股股票。据悉，9月21日，该公司通过港股二级市场买入工商银行H股股份，增持资金来源为保险责任准备金。交易完成后，该公司持有工商银行H股股份约43.59亿股，持股比例由4.9989%上升至5.0219%。,16. 主体：中石化；成就：排名“2020中国企业500强”第一；营收：2.81万亿元。
9/22/2020,【最新“亚洲品牌500强”：中国入选最多，国家电网和腾讯跻身前三】在世界品牌实验室（World Brand Lab）主办的“亚洲品牌大会”上，2020年“亚洲品牌500强”22日在上海揭晓：丰田汽车、中国国家电网和腾讯名列前三，品牌入选数量居前三的国家是中国、日本和韩国。此次入选品牌涉及21个国家和地区。中国（包含港澳台地区）有210个品牌入选，其中中国大陆品牌有158个。前十名中，还依次包括海尔、工商银行、三星、本田、华为、中国人寿和索尼。,17. 主体：中国人寿；动态：增持并举牌工商银行H股股票；持股比例：上升至5.0219%。
9/18/2020,【大金融板块午后持续爆发 中国人寿封板】国金证券、国联证券、浙商证券、新华保险、中国人寿等个股午后相继封板。,18. 主体：世界品牌实验室；成就：发布“亚洲品牌500强”；中国入选品牌数量最多；前三名：丰田汽车、中国国家电网、腾讯。
9/18/2020,【保险股午后继续拉升 新华保险涨超9%】保险股午后继续拉升， 截至发稿，新华保险涨超9%，中国人寿涨超7%，中国平安、中国太保涨超4%。,19. 主体：大金融板块；动态：午后持续爆发；相关公司：国金证券、国联证券、浙商证券、新华保险、中国人寿。
9/18/2020,  上证50午后涨幅扩大至1%，新华保险、中国人寿、中国太保、中国平安4只保险股领涨。,20. 主体：保险股；动态：午后拉升；相关公司：新华保险、中国人寿、中国平安、中国太保。
9/11/2020,【中国人寿：前8个月累计原保费收入约为4928亿元】中国人寿公告，公司于2020年1月1日至2020年8月31日期间，累计原保险保费收入约为人民币4928亿元（未经审计）。,"1. (中国人寿, 原保费收入, 4928亿元)"
9/10/2020,【中国人寿集团与中国银行签订全面战略合作协议】9月10日下午，中国人寿集团与中国银行签订全面战略合作协议。中国人寿集团董事长王滨表示，双方合作基础扎实，通过签署全面战略合作协议，将进一步加深合作关系，共同打造银保合作的新典范。,"2. (中国人寿集团, 中国银行, 全面战略合作)"
9/10/2020,非银金融板块异动，中国人寿涨逾6%，新华保险涨逾4%，中信建投涨近3%。,"3. (非银金融板块, 中国人寿, 涨幅超过6%)"
9/10/2020,【港股内险股异动拉升】港股内险股异动拉升，中国太保涨超2%，众安在线、新华保险、中国人寿等跟涨。,"4. (港股内险股, 中国太保, 涨幅超过2%)"
9/10/2020,上证综指午盘收涨0.29%，报3264.19点。中国人寿对指数上涨贡献最大，上涨3.6%。 西水股份涨幅最大，上涨10.1%。午盘交易中，1,"5. (上证综指, 中国人寿, 上涨3.6%)"
9/9/2020,【中国人寿集团与中国民生银行签署全面战略合作协议】9月9日，中国人寿集团与中国民生银行签署全面战略合作协议。中国人寿集团董事长王滨介绍了中国人寿“保险、投资、银行”协同发展的最新情况，回顾了与民生银行的前期合作成果，表示双方业务合作面广，通过深化战略合作，将进一步围绕保险业务、年金业务、投融资业务、银行业务等方面积极开展务实合作，共创互利共赢的合作局面。,"6. (中国人寿集团, 中国民生银行, 全面战略合作)"
9/8/2020,【中国人寿：与清华大学战略合作 并成立工业安全大数据联合研究中心】9月8日，中国人寿集团与清华大学战略合作框架协议签约暨“清华大学―中国人寿财险工业安全大数据联合研究中心”揭牌仪式在京举行。根据相关协议约定，中国人寿财险公司未来5年将向清华大学投入5000万元，支持大数据研究中心科研建设，双方共享研究成果。,"7. (中国人寿集团, 清华大学, 成立工业安全大数据联合研究中心)"
9/8/2020,  【大金融板块午后持续走强】华创阳安拉升封板，新华保险、中信建投、中国人寿涨逾6%。,"8. (大金融板块, 华创阳安, 涨幅超过6%)"
9/8/2020,【上半年上市险企“兑现浮亏”，资产减值损失大增80%】与其他金融行业类似，保险行业上半年的资产减值损失也明显增加。保险业上半年资产减值损失384亿元，同比增长122%。刚刚披露半年报的上市险企资产减值损失也大增，尚未执行新金融工具会计准则IFRS9的中国人寿、中国太保、中国人保、新华保险4家合计减值损失134亿元，同比增长近八成。（证券时报）,"9. (上市险企, 资产减值损失, 增加80%)"
9/3/2020,【野村：寿险最坏情况已过 维持中国平安为行业长期核心股份】野村发表研究报告指，该行覆盖的内地保险企业上半年业绩不佳，净利润平均按年下跌26％，主要由于去年上半年的一次性退税，导致基数较高；政府债券收益率下跌；以及新冠肺炎疫情下的信贷成本增加。由于高质量的保险业务，该行继续维持中国平安(02318.HK)为保险业的长期核心股份，并预料倘若利率反弹，新华保险(01336.HK)、中国人寿(02628.HK)及中国太平(00966.HK)将有更好表现。,"10. (野村, 中国平安, 长期核心股份)"
9/3/2020,【上证综指午盘收跌0.06% 报3402.69点】中国人寿对指数下跌拖累最大，下跌1.1%。 吉林森工跌幅最大，下跌10.0%。午盘交易中，1,"1. (上证综指, 午盘收跌, 0.06%)"
8/31/2020,【中国人寿、国家电投等在天津成立清洁能源股权投资合伙企业】8月27日，电投一号（天津）清洁能源股权投资合伙企业（有限合伙）成立，所属行业为资本市场服务，经营范围包含：以自有资金从事投资活动；以私募基金从事股权投资、投资管理、资产管理等活动。公司第一大股东为中国人寿，持股89.57%，第二大股东为国家电力投资集团有限公司，持股9.99%。其余三名股东分别为国寿丹江口绿色扶贫产业基金（有限合伙）、深圳云能基金管理有限公司、中俄能源合作投资基金管理（济南）有限公司。,"2. (中国人寿, 指数下跌, 1.1%)"
8/27/2020,  【中国人寿集团与中国电子集团签署战略合作协议】8月27日下午，中国人寿集团与中国电子集团在京签署战略合作协议。双方将在综合金融、保险业务、银行业务、投融资业务、网络安全服务、云计算、大数据等领域进行全面深入合作，共同推进双方高质量发展。,"3. (吉林森工, 跌幅最大, 10.0%)"
8/27/2020,中国人寿：今年的海外投资将更谨慎。,"4. (中国人寿, 第一大股东, 89.57%)"
8/26/2020,万达信息：拟定增募资不超过20亿元，全部由中国人寿认购，扣除发行费用后的募集资金净额全部用于偿还银行贷款。,"5. (国家电力投资集团, 第二大股东, 9.99%)"
8/26/2020,万达信息：拟定增募资不超20亿元，本次非公开发行 A 股股票的发行对象为中国人寿。中国人寿以现金方式认购公司本次发行的股票。,"6. (中国人寿集团, 中国电子集团, 战略合作协议)"
8/26/2020,  【中国人寿：拟于未来三年内给予万达信息总额度不超过43亿元关联交易金额】中国人寿公告，公司拟与万达信息签订《日常关联交易框架协议》，计划于框架协议生效之日起未来三个年度内，给予万达信息上限不超过43亿元关联交易年度金额。公司与万达信息开展合作，既有利于本公司各项业务发展，又有利于系统内资源整合，进一步提升品牌价值和竞争力，符合公司整体利益。,"7. (万达信息, 定增募资, 不超过20亿元)"
8/26/2020,【中国人寿：拟成立合伙企业 聚焦海淀区教育科研和商业办公地产】中国人寿(601628)8月26日晚间公告，公司及海淀国资中心，拟于10月31日前与国寿置业及中关村科服订立合伙协议，藉以成立合伙企业。合伙企业全体合伙人认缴出资总额为50.02亿元，其中，公司认缴出资47.5亿元。国寿资本将作为合伙企业的管理人。合伙企业将聚焦位于北京市海淀区等优质区域的教育科研和商业办公地产等符合保险资金投资要求的项目。,"8. (中国人寿, 海外投资, 更谨慎)"
8/26/2020,  中国人寿上半年净利润305.4亿元，同比减少18.8%。,"9. (万达信息, 非公开发行, 中国人寿认购)"
8/20/2020,上证综指午盘收跌1.08%，报3371.48。中国人寿对指数下跌拖累最大，下跌4.1%。 君正集团跌幅最大，下跌10.0%。午盘交易中，1,"10. (中国人寿, 关联交易金额, 不超过43亿元)"
8/19/2020,8月19日消息，香港因台风暂停早盘交易，今日开盘，恒指低开0.08％，舜宇光学跌4％，小米大涨2％，中国人寿跌3％。,
8/19/2020,  中国人寿澄清合并传闻：近日大涨或与利率有关。,
8/18/2020,中国人寿近三日大涨27%。盘后数据显示，沪股通累计净买入6.8亿元并卖出6.16亿元，中信证券客户资产管理部买入1.07亿元，一机构买入9259万元，两机构卖出1.39亿元。,
8/18/2020,【中国人寿：涉及公司与其他保险公司合并的消息为不实传闻】中国人寿：本公司注意到有市场传闻涉及本公司与其他保险公司合并。经核查，该传闻为不实传闻，本公司目前不存在应披露但未披露的信息。,
8/18/2020,  中国人寿尾盘急拉，大涨7%。,
8/17/2020,【恒指震荡收高0.65% 金融股走高】8月17日，恒指震荡收高0.65%，金融股、原材料集体走高，中国人寿涨5.17%领涨蓝筹。,
8/17/2020,【香港恒生指数收涨0.65% 中国人寿涨超5%】8月17日香港恒生指数收涨0.65%，报25347.34点。大金融领涨，中国人寿涨超5%，中国平安涨近3%。“三桶油”集体上涨，中国石油化工涨近4%，中国石油涨约2%，中国海洋石油涨0.3%。,
8/17/2020,保险板块发力，中国人寿大涨6%，新华保险涨4%，中国平安、中国太保跟涨。,
8/14/2020,  中国人寿拉升封板，成交额近15亿元。,
8/13/2020,【银保监会：二季度接收保险消费投诉3.37万件 同比增26.86%】近日，银保监会消费者权益保护局发布《关于2020年第二季度保险消费投诉情况的通报》。第二季度，银保监会及其派出机构共接收保险消费投诉33732件，同比增长26.86%。人保财险、平安财险、众安在线的投诉量位列财产保险公司前三名。平安人寿、中国人寿、太平洋人寿的投诉量位列人身保险公司前三名。,
8/12/2020,  中国人寿：前7月保费收入4551亿元，同比增12%。,
8/10/2020,保险股盘中拉升，新华保险涨6%，中国人寿涨4%，西水股份、中国太保等跟涨。,
8/10/2020,保险股盘中大幅拉升，截至发稿，中国人寿涨超5%，新华保险涨超4%，西水股份涨超3%。,
8/4/2020,  港股内险股表现活跃，众安在线涨7.55%，新华保险涨7%，中国人民保险集团与中国人寿涨近5%，中国太平与中国平安涨2.6%。,
8/4/2020,  保险股大涨，新华保险涨停，中国人寿涨超8%，西水股份涨超6%，中国平安、中国人保涨超3%。,
8/4/2020,【金融股集体拉升 成都银行直线涨停】金融股集体拉升，成都银行直线涨停，新华保险、中国人寿等集体冲高。,
7/29/2020,【中国人寿上半年加仓贵州茅台14.68亿 中国平安重仓中旗股份】截至目前，中国平安、中国人寿、太平人寿等多家险企正在陆续披露其上半年重仓股名单。从大型险企重仓股名单来看，中国平安重仓了中旗股份，中国人寿重仓此前屡创新高的贵州茅台，太平人寿独家偏爱圣农发展。值得注意的是，中国人寿在上半年加仓了贵州茅台，共计加仓10.39万股，持仓市值增加14.68亿元，现占贵州茅台流通股比例为0.31%。,
7/23/2020,【上证综指午盘收跌1.19% 报3293.54】中国人寿对指数下跌拖累最大，下跌3.1%。 惠达卫浴跌幅最大，下跌8.7%。午盘交易中，1,
7/21/2020,【中国人寿集团上半年保费5102亿 合并总资产4.8万亿】7月21日，中国人寿集团召开上半年工作会议。其官方微博发布的会议信息显示，2020年上半年，中国人寿集团合并总资产4.8万亿元，较年初增长6.3%，合并营业收入6018亿元，同比增长11.3%，合并保费收入5102亿元，同比增长14%。（证券时报）,
7/20/2020,【蚂蚁集团参股股东中国人寿美股涨幅扩大至逾8%】中概股中国人寿涨幅扩大至8%，此前，蚂蚁集团对外宣布，启动A+H上市计划。小财注，中国人寿持有蚂蚁集团股份。,
7/20/2020,【中国人寿中概股涨超6%】中国人寿中概股涨超6%，中国人寿保险（集团）持有蚂蚁集团股份。,
7/20/2020,【新华保险、中国人寿保险（集团）等持有蚂蚁集团股份】7月20日，蚂蚁集团宣布，启动在上交所科创板和港交所主板寻求同步发行上市的计划。天眼查数据显示，蚂蚁科技集团股份有限公司成立于2000年10月，注册资本约237.8亿人民币，法定代表人为井贤栋。目前，该公司工商披露的股东中，最大的为杭州阿里巴巴网络科技有限公司，持股比例为33%。此外，该公司的股东中，还包括了中国人寿保险（集团）公司、全国社会保障基金理事会、新华人寿保险股份有限公司。,
7/20/2020,恒生指数收跌0.12%，中国人寿涨逾5%，碧桂园涨逾2.5%。,
7/20/2020,【上证综指午盘收涨2.62% 报3298.50】上证综指连续二天走高，中国人寿对指数上涨贡献最大，上涨10.0%。 精工钢构涨幅最大，上涨10.1%。午盘交易中，1,
7/20/2020,  保险股走强，中国人寿拉升封板，新华保险、天茂集团、中国人保等涨逾7%。,
7/20/2020,  香港恒生指数转涨，此前一度跌1%，内险股走高，中国人寿涨约5%领涨蓝筹。,
7/20/2020,  港股内险股盘中走高，新华保险涨近5%，中国人寿涨2.7%，中国太平涨2.1%。,
7/20/2020,【中国人寿等保险股走升 中金称优化权益类资产配置监管利好行业发展】中国保险股内地香港两地走强，其中中国人寿A股一度上涨7.7%，创逾一周来盘中最大升幅。此前，中国优化保险公司权益类资产配置监管，中金公司称体现了监管机构对于规范经营的保险机构放松管制的思路，利好保险行业有序发展。截至发稿，A股方面，中国人寿、新华保险涨逾4%，中国平安、中国太保等均有上涨。H股方面，中国太平、中国人寿涨逾1%，新华保险上涨3.3%。,
7/20/2020,保险股开盘走强，截至发稿，中国人寿涨超6%，新华保险、中国人保涨超3%，中国太保、中国平安涨超2%。7月17日，银保监会在《关于优化保险公司权益类资产配置监管有关事项的通知》中表示，保险公司投权益类资产最高可以达到上季末总资产的45%。,
7/19/2020,【中国人寿回应员工举报高管6次性侵：非高管，已停职】 7月19日，吉林省吉林市。女员工晒录音自爆被公司高管6次性侵，对方以丢工作威胁，使她不敢反抗、举报，其中4次侵害还发生在她家。对此，中国人寿吉林分公司对此发声回应称，公司调查组核查确认，李某属磐石支公司业务员，并非管理人员，目前已暂停其销售代理工作；公司将积极配合公安机关调查取证，依法处理。（沸点新闻）,
7/17/2020,【中国人寿等行业大中型公司投资权益类资产的比例上限提高到35%】7月17日，银保监会发布了《关于优化保险公司权益类资产配置监管有关事项的通知》。《通知》发布后，保险公司的自主运作空间将得以加大，配置权益类资产的弹性和灵活性不断增强，最高可占到上季末总资产的45%，中国人寿、太保寿险、泰康人寿、新华人寿、人保财险、太平财险等行业大中型公司投资权益类资产的比例上限由原来的30%提高到35%。,
7/14/2020,  中国人寿：本公司于2020年1月1日至2020年6月30日期间，累计原保险保费收入约为4280亿元。,
7/10/2020,港股内险股下挫，中国财险跌超7%，中国人民保险集团跌超6%，中国人寿跌超4%，中国太保跌超3%，新华保险跌超3%，中国平安跌超1%。,
7/9/2020,【中国人寿7月16日派发2019年度现金红利每股A股0.73元】中国人寿发布公告，该集团将于2020年7月16日向全体A股股东派发2019年度现金红利每股A股扣税前人民币0.73元。,
7/9/2020,【上证综指午盘收涨1.03% 报3438.61】上证综指连续八天走高，中国人寿对指数上涨贡献最大，上涨8.5%。 杭州解百涨幅最大，上涨10.1%。午盘交易中，1,
7/9/2020,中国人寿股价上涨7.8%，交易量是均值水平四倍。,
7/8/2020,  【资金追捧大金融 上证50涨逾2%】午后大金融板块持续走强，带领上证50走高，权重股中信证券、中国人寿涨停。,
7/8/2020,中国人寿涨停，成交额超20亿。,
7/8/2020,【上证综指午盘收涨0.74% 报3370.23】上证综指连续七天走高，中国人寿对指数上涨贡献最大，上涨3.2%。 北方稀土涨幅最大，上涨10.1%。午盘交易中，1561支股票中1041支上涨，444支下跌；所有类股均走高，以工业股为首。,
7/7/2020,券商、银行、保险继续走高。截至发稿，青农商行、渝农商行、中泰证券、浙商证券等涨停。西水股份涨7.79%，中国人寿涨4.57%。,
7/6/2020,  港股内险股走强。众安在线(06060.HK)、中国人民保险集团(01339.HK)涨超15%，中国太平(00966.HK)、中国人寿(02628.HK)涨逾13%，中国太保(02601.HK)涨11.7%。,
7/6/2020,【上证综指午盘收涨4.24%，报3286.60】上证综指在上海连续五天走高，午盘交易中，综合股引领市场走高，所有类股均上涨；1560支股票中1449支上涨，91支下跌。中国人寿对指数上涨贡献最大，上涨10.0%。 苏美达涨幅最大，上涨10.1%。,
7/6/2020,恒指升破26000点，为3月6日以来首次，日内涨约2.5％。各板块全线飘红，大金融、汽车、手机配件股涨幅居前。中国人寿涨近10％，领涨恒指成分股。,
7/6/2020,银行、保险板块持续走强，青农商行涨停，中国人寿、西水股份、新华保险、渝农商行等涨逾6％。,
7/6/2020,中字头股票全线爆发，中国人寿封板，中国中免、中国中冶、中国太保、中国电建、中国铝业集体拉升。,
7/6/2020,【金融板块涨幅持续扩大 中国人寿涨停】金融板块涨幅持续扩大，截至发稿，中国人寿涨停，中国人保涨逾8%。券商板块持续上扬。,
7/3/2020,快讯：金融股普涨，中国人寿盘尾强势涨停。,
7/3/2020,【上证综指连续四天走高】上证综指午盘收涨1.04%，报3122.56。中国人寿对指数上涨贡献最大，上涨7.1%。华贸物流涨幅最大，上涨10.1%。午盘交易中，1,
7/3/2020,银行、保险股走强，青农商行拉升封板，中国人寿、西水股份、华铁应急涨逾6%，招商银行、平安银行等跟涨。,
7/3/2020,保险股盘中拉升，中国人寿涨超5%，西水股份、新华保险涨超3.5%，中国太保涨超2%。,
7/2/2020,快讯：保险板块走高，中国人保冲击涨停，中国人寿、新华保险涨幅靠前。,
6/22/2020,  【中国人寿与国家电投建立战略伙伴全面合作关系】6月22日，中国人寿与国家电投在京签署战略伙伴全面合作协议。协议签署之后，中国人寿与国家电投签订了清洁能源基金合作协议，双方共同出资支持西部地区大型风电基地项目。项目投产之后，可向京津冀地区输送绿色电力，将有效保障2022年北京冬奥会的绿色用电需求。（证券时报）,
6/22/2020,【国家中小企业发展基金有限公司成立 财政部持股42.66%】天眼查数据显示，2020年6月22日，国家中小企业发展基金有限公司成立，登记机关为上海市工商行政管理局，法定代表人为马向晖，经营范围为一般项目：股权投资，投资管理，投资咨询。公司股东包括中华人民共和国财政部、中国烟草总公司、中国人寿保险股份有限公司、上海国盛（集团）有限公司等，其中，财政部持股比例42.6573%为大股东。,
6/22/2020,  【二季度以来险资调研超1200次 医药、制造等行业上市公司成热门】数据显示，二季度以来保险机构调研上市公司总数达1220次，较一季度的929次增31.3%。其中，中国人寿养老保险股份有限公司调研次数达143次，占比为11.7%。从险资调研的上市公司来看，医药、制造等行业上市公司是险资调研的热门对象。利率下行时期，适当增配权益投资，提升收益率，是诸多险企的共同选择。同时，业内分析人士认为，尽管各险企的具体投资策略有分化，但整体来看，未来一段时间险资的权益投资占比还可能继续提升。（证券日报）,
6/12/2020,广百股份：公司拟引入中国人寿资产管理有限公司为战略投资者与上市公司开展战略合作，中国人寿保险股份有限公司拟认购公司本次非公开发行的股份，认缴出资金额不超过7亿元。,
6/11/2020,【中国人寿：前5月保费收入为3698亿元】中国人寿公告，公司于2020年1月1日至2020年5月31日期间，累计原保险保费收入约为人民币3698亿元（未经审计）。,
6/9/2020,【国寿集团增持并举牌工商银行H股 合并持股达5.0001%】中国人寿保险（集团）公司增持并举牌中国工商银行股份有限公司H股股票。交易时间为6月3日。本次举牌后，国寿集团合并持有工商银行H股从43.35亿股上升至43.40亿股，合并持股达5.0001%。,
6/9/2020,【国寿集团增持工商银行H股至举牌线】6月9日，中国人寿保险（集团）公司发布公告称，已增持工商银行H股并举牌。公告显示，本次交易为国寿集团通过港股二级市场买入工商银行H股股份，交易日期为6月3日。本次交易完成后，国寿集团合并持有工商银行H股4,
6/8/2020,上证综指午盘收涨0.28%，报2939.13。中国人寿对指数上涨贡献最大，上涨3.7%。 实达集团涨幅最大，上涨10.1%。,
6/3/2020,上证综指午盘收涨0.51%，报2936.38。中国人寿对指数上涨贡献最大，上涨3.9%。强生控股涨幅最大，上涨10.1%。,
6/3/2020,港股内险股上扬，友邦保险、新华保险均涨超3%，中国人寿、中国平安、中国人民保险集团均涨超2%。,
6/3/2020,【金融板块强势走高 中国人寿涨逾4%】券商、银行、保险板块强势走高，个股普涨，截至发稿，中国人寿涨逾4%，宁波银行涨3%。,
6/2/2020,  保险股集体走强，截至发稿，中国平安涨约3%，中国人寿、新华保险、中国太保涨超2%。,
5/26/2020,  中国人寿：中国银保监会北京监管局已核准黄秀美女士担任本公司财务负责人，任职资格自2020年5月20日起生效。,
5/25/2020,上证综指午盘收跌0.03%，报2812.96。中国人寿对指数下跌贡献最大，下跌3.8%。 熊猫金控跌幅最大，下跌10.0%。,
5/18/2020,【中国人寿与中信集团签署战略合作协议】5月18日，中国人寿与中信集团在京签署战略合作协议。中国人寿集团董事长王滨表示，中国人寿一直从战略高度推动与中信集团的全方位合作，借助本次续签战略协议契机，希望双方进一步加大合作力度，本着友好、互利、合作、共赢的原则，推进两家集团在保险代销、财险统保、投融资业务合作等领域继续深入开展合作。中信集团董事长朱鹤新表达了希望与中国人寿加强合作的有关诉求。朱鹤新表示，中国人寿是中信集团迁入“中国尊”后现场签约的第一家合作伙伴，希望双方的合作能够再上新高度。,
5/12/2020,上证综指午盘收跌0.59%，报2877.71。中国人寿对指数下跌贡献最大，下跌2.3%。 丹化科技跌幅最大，下跌10.2%。,
5/11/2020,【香港恒指午盘收涨1.97% 国指大涨1.75%重回万点大关 手机概念股、影视股集体强势】上午盘港股市场主要指数均大涨，其中，恒指涨1.97%报24706点，国企指数涨1.75%报10041点。手机概念股涨幅居前，舜宇大涨近6%领涨，国务院宣布电影院开放，影视股走强，阿里影业升6.34%、猫眼娱乐涨5%；石油股、濠赌股、军工股、啤酒股均现普涨行情；电池股与黄金股少数板块走低。重磅蓝筹股集体强势，腾讯、友邦保险、港交所、中国人寿皆升2%。,
4/29/2020,【保险业首季利润1002亿，下降14%】2020年一季度，全国保险公司预计实现利润总额1002亿元，同比减少约170亿元，降幅14.44%。一季度提供保险金额2236.57万亿元，同比增长42.67%；新增保单件数109.45亿件，同比增长72.14%。保险业一季度利润下滑，在整体数据发布前，已有迹可循。上市险企中的中国人寿、中国人保、中国太保和新华保险已发布一季报，净利润出现分化。其中，国寿和平安归母净利润下滑都达30%，太保增长50%、新华增长38%。（券商中国）,
4/27/2020,  【贵州茅台：一季度获两私募增持 北向资金小幅减持】贵州茅台4月27日晚披露一季报，股东名单方面，与去年年底相比，两只私募基金小幅增持，其中金汇荣盛三号私募基金持股比例由0.27%升至0.40%；瑞丰汇邦三号私募基金持股比例由0.29%升至0.32%。中国人寿普通保险产品－005L－CT001沪账户持股比例0.3%，重返十大股东名单。北向资金持股比例由8.15%下降至8.02%。,
4/23/2020,  中国人寿：对于新冠肺炎疫情的相关赔付达人民币2320万元人民币。,
4/23/2020,中国人寿：2020年第一季度营业收入为3377.72亿元人民币，去年同期为3122.26亿元。 2020年第一季度净利润为170.9亿元人民币，去年同期为260.34亿元，同比下降34.4%。,
4/22/2020,【“聪明资金”瞄上保险及相关概念股，年内增持4家减持3家】北向资金被喻为A股市场里的“聪明资金”。今年以来截至4月20日，A股中的7只保险及相关概念股中，已有4只被北向资金增持，分别是中国人保、新华保险、中国人寿、天茂集团，合计增持股份达4054万股。另有3只被减持，分别是西水股份、中国平安、中国太保，合计减持股份数为1.04亿股。（证券日报）,
4/17/2020,  中字头板块午后持续走强，中国人寿大涨6%，中国平安涨4%，中国铁建、中国交建、中国太保、中国中铁纷纷走强。,
4/15/2020,  港股内险股继续下探，众安在线（06060.HK）跌近4%，中国太保（02601.HK）跌近3%，中国太平（00966.HK）跌1.7%，中国平安（02318.HK）与中国人寿（02628.HK）跌超0.6%。,
4/14/2020,  中国人寿4月14日晚间公告，公司2020年1月至3月期间，累计原保险保费收入约为3078亿元（未经审计）。公司上年同期保费收入为2724亿元。,
4/14/2020,中国人寿：一季度累计原保险保费收入约为3078亿元。,
3/31/2020,【五大上市险企2019年净利润大增】截至30日，A股五大上市险企2019年成绩单已全部出炉。得益于减税政策利好及权益投资上涨，2019年五家上市公司险企净利润合计2724亿元，相较2018年的1581.9亿元同比大增72.2%。具体来看，中国人寿领跑净利润增速，其2019年净利润达582.9亿元，同比增长411.5%。中国平安净利润总额为五家上市险企中第一位，达1494.1亿元，同比增长39.1%。（经参）,
3/26/2020,  中国人寿投资管理中心负责人： 对于中国股市中长期“不悲观”。公司的海外投资规模小，敞口低，长期风险不大。,
3/25/2020,中国人寿A股：2019年营业收入为7451.65亿元人民币，上年同期为6431.01亿元。2019年净利润为582.87亿元人民币，市场预期为582.05亿元，上年同期为113.95亿元。,
3/25/2020,  中国人寿H股：2019年收入合计7294.74亿元人民币，市场预期为6636.44亿元，上年同期为6274.19亿元。,
3/25/2020,中国人寿：2019年全年实现净利润582.87亿元，上年同期为113.95亿元，同比增长411.5%，拟10派7.3元。,
3/21/2020,【中国人寿举牌中广核电力H股至10.005%】日前，中国人寿在中国保险行业协会官网披露公告称，3月13日，中国人寿通过港股二级市场增持600万股中广核电力H股股票，增持完成后，其持股比例从9.952%升至10.005%，触发二次举牌。,
3/12/2020,【中国人寿：1-2月保费收入为2280亿元】中国人寿公告，公司于2020年1月1日至2020年2月29日期间，累计原保险保费收入约为人民币2280亿元（未经审计）。,
3/5/2020,【中国人寿再次“扫货”，增持3000万股农行】香港联交所3月5日信息显示，中国人寿保险（集团）公司于3月3日以每股平均价3.2176港元增持农业银行 H股股份3000万股，增持后国寿集团整体持股数量为18.63亿股，持股比例升至6.06%。这是继中国人寿2月份增持农业银行H股后，国寿集团再次“扫货”。（中证报）,
3/5/2020,【中国人寿集团再增持3000万农业银行H股】香港联交所权益资料显示，中国人寿集团于3月3日以均价3.2176港元每股增持农业银行(01288-HK)3000万股。增持后，中国人寿集团持股比例升至6.06%。,
2/26/2020,【上市险企1月保费收入增速不及预期】A股五家上市险企均已披露今年首月保费收入。数据显示，中国人寿、中国人保、中国平安、中国太保、新华保险首月累计实现原保险保费收入5284.35亿元，同比增长6.42%，增速未及预期。（经参）,
2/25/2020,【险资新一轮举牌来了 国寿、太保三天内大举扫货】太保人寿在中国保险业协会官网公告，公司已于2月19日完成对锦江资本的举牌。而昨日，寿险龙头中国人寿刚刚宣布，2月17日至19日，连续三天增持农业银行H股，并触发举牌线。这是今年以来保险公司宣布的第四次举牌，至今已有中国人寿、太保人寿、太平人寿、华泰资管四家险资宣告举牌上市公司。（中证网）,
2/24/2020,【中国人寿本月连续三天举牌农业银行H股，其持股占比已超5%】2月24日，中国保险行业协会公布了中国人寿保险股份有限公司增持并举牌农业银行H股股票的信息披露公告。公告显示，2月17日开始，中国人寿连续三天通过沪股通从港股二级市场买入农业银行H股股份，直至2月19日正式完成举牌，资金来源于保险责任准备金，本次投资被纳入境外股票投资管理。,
2/24/2020,  【五大上市险企交1月份成绩单 三升两降分化较大】截至2月23日，五大上市险企已经全部发布了今年1月份的保费收入。其中，新华保险、中国人寿和中国太保的总保费同比有所上涨，中国平安和中国人保的总保费同比有所下降，出现较为明显的分化。同时，将上市的产险公司和寿险公司分开来看，分化也同样存在。（证券日报）,
2/20/2020,中国人寿：董事会审议及批准本公司投资国寿养老产业投资基金，基金首期募集资金总额为人民币100亿元。,
2/18/2020,中国人寿：1月累计原保险保费收入约为1935亿元，去年同期为1578亿元。,
2/17/2020,中国人寿在港交所公告：本公司董事会宣布，于2014年3月25日宣派而于2020年3月25日仍未领取的2013年度末期股息每股人民币0.30元（相等于港币0.37703元）将予以没收及收归本公司。,
2/14/2020,中国人寿：中国银保监会核准将财政部持有的集团公司10%股权一次性划转给全国社会保障基金理事会。,
2/13/2020,【中国人寿：不存在涉及本公司应披露而未披露的重大信息】中国人寿在港交所发布澄清公告称，近日部分媒体对本公司控股股东中国人寿保险（集团）公司计划将主要资产注入本公司的传闻进行了报道。针对报道所述事项，本公司及集团公司均不存在涉及本公司应披露而未披露的重大信息。,
2/12/2020,中国人寿（02628.HK）涨幅扩大逾3%。,
2/12/2020,中国人寿（601628.SH）午后异动涨逾2%，中国人寿（02628.HK）直线拉升，现涨1.44%。消息面上，中国人寿保险(集团)公司正计划将关键业务最早今年在香港借壳上市。,
2/12/2020,【中国人寿保险（集团）据悉寻求通过子公司在香港上市】 据外媒援引知情人士，中国人寿保险(集团)公司正计划将关键业务最早今年在香港借壳上市。它是中国最大人寿保险公司的母公司。他们表示，总部位于北京，业务跨越地产、财险、银行和资产管理的这家多元化企业集团，计划将主要资产注入上市公司中国人寿保险股份有限公司，后者则向母公司发行股份。另外，该事项的考虑还处于早期阶段，中国人寿尚未做出最终决定。,
2/12/2020,【四家上市险企去年归母净利润增幅均超50%】上市保险公司再次在资本市场上交出亮眼的业绩“答卷”。截至目前，除中国平安外，中国人寿、中国人保、中国太保和新华保险4家A股上市保险公司相继披露2019年年度业绩预增公告。整体而言，4家上市险企的归母净利润同比增幅均超过了50%。（金融时报）,
2/10/2020,【保险行业二季度景气度或提升】截至目前，A股五大险企中，除中国平安暂未披露业绩预告外，中国人寿、中国人保、中国太保、新华保险均披露了2019年业绩预告。整体看，四家险企2019年合计实现净利润预计超过1198亿元，同比增加689.7亿元。业内人士指出，从疫情对保险业长期影响来看，将带动险种创新，促进健康险的长期发展。二季度保险行业景气度或提升；综合考虑未来保险行业基本面的变化，预计未来保险公司将有估值溢价。（中国证券报）,
2/7/2020, 港股内险股全线下挫，中国太平跌2.6%，新华保险跌1.9%，中国人民保险集团跌1.6%，中国人寿跌1.4%，中国平安跌1.3%。,
2/7/2020,中金：银保监会发布了普通型人身保险精算规定，新规边际利好保障类业务，但储蓄类业务价值率或有压力。当前保险板块估值已充分反映了本次疫情导致的悲观预期，估值处于接近历史底部，下行的空间有限。推荐中国人寿H股、新华保险、中国太平。,
2/7/2020,【四大上市险企去年净利预增超1.3倍】截至2月6日17点，中国人寿、中国人保、中国太保、新华保险均披露了2019年业绩预告。梳理后发现，4家险企2019年合计实现净利润预计超过1198亿元，至少同比增加689.7亿元，同比增幅超过1.3倍。（证券日报）,
1/27/2020,  中国人寿：为武汉市各级公务员和武警官兵捐赠每人百万专属保险保障。,
1/24/2020,  【中国人寿向武汉新冠肺炎疫情一线医护人员捐赠保险】24日，中国人寿保险股份有限公司（中国人寿）决定向湖北武汉奋战在新冠肺炎疫情一线的医护人员捐赠保险保障，每人保障额度为50万元，风险保障总额度达到900亿元。保障责任为：因感染新型冠状病毒导致身故及因意外伤害导致身故赔付50万元，因意外伤害导致身体伤残依据伤残等级给付伤残保险金。保险期间一年。该保险捐赠对象共涉及在汉18万名医护人员。,
1/23/2020,上证综指午盘收跌1.46%，报3016.18。中国人寿对指数下跌贡献最大，下跌2.4%。 百利科技跌幅最大，下跌10.0%。,
1/22/2020,【两大行业利好共振，众机构称险企2020年“开门红”可期】数据显示，五大A股上市险企（中国平安、中国人寿、中国人保、新华保险、中国太保）合计揽获2.4万亿元保费，同比增长9.35%。从原保费总规模看，排名第一的为中国平安，高达7946亿元，中国人寿和中国人保均超过5000亿元。从保费同比增速来看，新华保险成为领头羊。多机构预计，受2019年投资收益大幅提升、企业所得税明显减少这两大行业利好因素共振，2020年以上市险企为代表的大型险企开门红数据普遍有望超预期。（经参）,
1/21/2020,【上市险企承保业绩收官 2020年“开门红”可期】5家A股上市保险公司中，中国人寿率先于昨日发布2019年业绩预增公告：同比增幅约400%至420%的结果，优于市场预期。由于投资收益大幅提升、企业所得税明显减少这两大行业利好因素共振，如不考虑企业可能存在的一些主观行为，投行人士预计，上市险企2019年将普遍斩获高增幅业绩。（上海证券报）,
1/20/2020,【花旗：中国人寿盈喜符预期 料寿险业务良好势头延续】花旗研究报告指中国人寿发盈喜，料去年纯利按年升4至4.2倍，至介乎570亿至593亿元人民币。大致符预期。花旗称，国寿寿险业务持续交出理想成绩，料改变投资者对公司印象，并提振投资者信心。该行认为，国寿H股现价仅相当於今年预测市值\/内含价值比率0.5倍属被低估，予目标价25港元，评级买入。,
1/20/2020,中国人寿早盘大涨5％，公司2019年预计净利增加约455.80亿-478.59亿元，同比增加约400％-420％。,
1/20/2020,中国人寿开涨1.82%，此前预计2019年净利同比增长约400%-420%。,
1/20/2020,【六大上市险企去年保费出炉 增近一成达2.57万亿】2019年合计原保费收入约2.57万亿元，增长9.58%。这是沪港两地上市的六大险企——中国人寿、中国人保、中国太平、中国太保、中国平安和新华保险，日前刚刚发布的保费成绩单。2019年保险业总资产突破20万亿，行业年度保费有望突破4万亿。综合考虑营业收入、全球排名等维度，上市系险企经营业绩迈上新台阶，其中不乏突破性表现。,
1/20/2020,【新年以来外资仍密集加码保险股】二级市场数据显示，今年以来外资密集加仓5只保险股。据记者统计显示，2020年以来至1月19日，中国平安合计被外资净买入达21.4亿元，位列沪深港通十大活跃成交股统计数据第一。虽然暂无其他A股保险股被外资净买入具体金额数据，但根据沪深港通中央持股结算记录，中国太保、中国人寿、天茂集团、新华保险等4只个股今年来也均呈现外资净增持态势。（证券日报）,
1/20/2020,【新年以来外资仍密集加码保险股】统计显示，2020年以来至1月19日，中国平安合计被外资净买入达21.4亿元，位列沪深港通十大活跃成交股统计数据第一。虽然暂无其他A股保险股被外资净买入具体金额数据，但根据沪深港通中央持股结算记录，中国太保、中国人寿、天茂集团、新华保险等4只个股今年来也均呈现外资净增持态势。（证券日报）,
1/19/2020,中国人寿：2019年度净利润较2018 年度相比，预计增加约人民币455.80 亿元到人民币478.59亿元，同比增加约400%到420%。,
1/19/2020,  【去年36险企共赔1429亿 理赔首因是啥】据不完全统计，截至1月15日，共有36家险企发布了2019年度理赔报告，总赔付金额约为1429亿元，其中，中国人寿、平安人寿及太保寿险的年度赔付总金额均在100亿元以上，分别约达470亿元、338亿元及150亿元。记者从险企理赔年度报告中还发现，恶性肿瘤已经成为重疾险出险的最大原因，其中，甲状腺癌更是不少险企重疾理赔榜单中的“TOP1”原因。（新京报）,
1/15/2020,中国人寿：2019年全年累计原保险保费收入为5684亿元，去年同期为5362亿元。,
1/14/2020,梳理15家保险公司2019年度理赔报告发现，在赔付件数上，中国人寿全年赔付数量超1800万件，位居榜首。在赔付金额上，中国人寿全年赔付金额超470亿元，亦拔得头筹。（21世纪经济报道）,
1/9/2020,万达信息：股东国寿资产拟转让5500万股给中国人寿，完成后中国人寿持股达到18.1370%。,
1/8/2020,【港股恒指收跌近1% 险守28000点】港股恒指收跌0.83%，险守28000点。内地金融股跌幅居前，中国人寿跌逾2%领跌蓝筹，中国银行、交通银行跌近2%。,
1/6/2020,【中国人寿与中国一汽签署战略合作协议】1月6日下午，中国人寿与中国一汽在北京签署战略合作协议。中国人寿集团董事长王滨表示，中国人寿将把加强与中国一汽的战略合作作为支持东北振兴、服务实体经济的重要途径和重要举措抓紧、抓实、抓出成效，希望双方在企业年金、财险、寿险、银行、投资等方面加大合作力度。,
1/6/2020, 港股保险股午后拉升，中国人寿涨2.56%，新华保险、中国财险与中国太平均涨近1%。,
1/5/2020,【华泰证券：多政策举措推动商业保险发展 大型险企竞争优势突出】华泰证券金融团队指出，银保监会于1月2日的国务院政策例行吹风会上介绍了近期审议通过的《关于促进社会服务领域商业保险发展的意见》，从五个方面提出多项政策举措，推动商业保险在社会服务领域进一步发挥积极作用。政策发力下有望持续推动业务高效有序发展，大型险企竞争优势突出，叠加估值优势，是中期配置优选板块，个股推荐行业优秀龙头，中国人寿、新华保险。,
1/3/2020, 中国人寿：中国银保监会北京监管局已核准王晓青女士担任本公司职工代表监事的任职资格。,
12/19/2019,中国人寿：拟与国寿啓远合资成立合伙企业，合伙企业的首期募集资金总额为100亿元。,
12/18/2019,【四季度外资增持A股7只保险股，“爆买”平安38亿元远超贵州茅台】今年四季度以来，外资通过沪深港通持续增持中国平安、天茂集团、中国人保、中国太保、新华保险、中国人寿、西水股份等7只保险股，合计被增持超过1亿股。四季度以来中国平安与中国人寿多次进入“沪港通上榜十大活跃成交股”，合计被外资净买入近40亿元。其中，中国平安被外资净买入38.6亿元，位列四季度以来“沪港通上榜十大活跃成交股”净买入额第一，超越贵州茅台。（证券日报）,
12/17/2019,【A股五大险企四季度被融资买入362亿元，融资客最看好中国平安与新华保险】据梳理，10月1日至12月16日期间，A股五大保险股被融资买入额达362亿元。中国平安、新华保险、中国太保、中国人寿、中国人保分别被融资买入256.2亿元、42.9亿元、25.8亿元、18.7亿元、18.6亿元。不难看出，融资客最为青睐中国平安与新华保险这2只保险股。（证券日报）,
12/16/2019,【中国人寿90亿领投青海黄河水电混改项目】国家电力投资集团旗下核心清洁能源投资平台—青海黄河上游水电开发有限责任公司混改暨引进战略投资者项目正式落槌，中国人寿寿险公司作为领投本次交易的基石投资人投资90亿元，成为青海黄河水电的第二大股东，本次投资由中国人寿资产管理公司受托实施。本次协议的签署标志着2019年度最大中央企业混合所有制改革项目的圆满完成，是落实党中央、国务院关于积极发展混合所有制经济，促进各种所有制资本共同发展的重大实践。,
12/16/2019,【大和：中国人寿表现跑赢同业，料明年新业务预售销售强劲】大和发表研究报告表示，内地险企公布11月寿险保费收入按年升11.1%，首11个月则累计升7.6%，以11月保费增长而言，新华保险增幅最高达79%，跟随为中国太保录得7%升幅，而中国人寿及中国平安均录得3%的增幅，料市场焦点将由增长放缓转移至明年新业务预售活动。大和又称，预期中国人寿的表现将跑赢同业，预期其新业务预售销售活动强劲，受惠于扩充经纪团队，料其明年主要营运指标，包括新业务价值、净利润等均会跑赢同业。,
12/12/2019,中国人寿： 中国人寿公告，前11月累计原保险保费收入约为5413亿元。,
12/11/2019,上证综指午盘收涨0.12%，报2920.85。中国人寿对指数上涨贡献最大，上涨1.7%。 南宁百货涨幅最大，上涨10.1%。,
12/11/2019,【险资又来举牌了！万能险靠边站 资金来源更多样】和此前的举牌相比，今年的险资投资热潮更为稳健。主要以中国人寿、中国平安、太保寿险等保险龙头公司领投，标的也都具有盈利稳定、股息率高、低市盈率等特征，且资金来源更多元化，不再是万能险唱“主角”。举牌的目的从“赚快钱”转变为“赚大钱”。（21世纪经济报道）,
12/11/2019,上证综指午盘收涨0.12%，报2920.85。中国人寿对指数上涨贡献最大，上涨1.7%。 南宁百货涨幅最大，上涨10.1%。,
12/11/2019,【险资又来举牌了！万能险靠边站 资金来源更多样】和此前的举牌相比，今年的险资投资热潮更为稳健。主要以中国人寿、中国平安、太保寿险等保险龙头公司领投，标的也都具有盈利稳定、股息率高、低市盈率等特征，且资金来源更多元化，不再是万能险唱“主角”。举牌的目的从“赚快钱”转变为“赚大钱”。（21世纪经济报道）,
12/10/2019,内险股午后走强，整体涨0.78%，中国太平涨3.17%，新华保险涨2.77%，中国太保涨1.43%，中国人寿涨1.24%。,
12/6/2019,【险资年内超150亿元举牌7家上市公司，年末密集踩点计算机软件与化学制药公司】12月4日，太保寿险26.86亿举牌上海临港，这已经今年以来险资第9次举牌。在此之前，今年以来，中国人寿、中国平安曾先后8次举牌6家上市公司。根据东方财富Chioce数据统计的情况来看，11月份以来截至12月4日，险资调研的个股中，分布于计算机软件、化学制药的个股数量靠前，此外，险资调研的地产股与银行股位列第二梯队，也是其关注的重点。（证券日报）,
12/5/2019,上证综指午盘收涨0.32%，报2887.39。中国人寿对指数上涨贡献最大，上涨1.5%。 沃格光电涨幅最大，上涨10.0%。,
12/4/2019,上证综指午盘收跌0.34%，报2874.88。中国人寿对指数下跌贡献最大，下跌2.2%。创力集团跌幅最大，下跌10.0%。,
11/21/2019,上证综指午盘收跌0.39%，中国人寿对指数下跌贡献最大，下跌3.4%。 百傲化学跌幅最大，下跌10.0%。,
11/18/2019,上证综指午盘收涨0.58%，报2908.12。中国人寿对指数上涨贡献最大，上涨3.0%。 鲁北化工涨幅最大，上涨10.0%。,
11/13/2019,保险股午后继续走弱，中国人寿跌逾4%，中国太保、中国人保跌近3%。,
11/13/2019,上证综指午盘收跌0.15%，报2910.55。中国人寿对指数下跌贡献最大，下跌1.8%。 风语筑跌幅最大，下跌10.0%。,
11/13/2019,【行业监管趋严，保险代理人分级分类管理酝酿中】近期，中国银行保险监督管理委员会中介部向14家产寿险公司发出了一份《关于调研保险销售从业人员分级分类管理情况的函》。文件表示，中国银保监会拟就保险销售从业人员分级分类管理情况开展书面调研。银保监会要求各公司高度重视此次调研工作，认真部署相关工作，于11月15日前向中国银保监会中介部报送报告及相关资料。参加这次调研的保险公司有，中国人寿、平安人寿、太平人寿、新华保险、友邦保险上海分公司、陆家嘴国泰人寿、中英人寿、中德安联人寿、人保财险、国寿财险、华泰财险、美亚财险、东京海上日动火灾保险以及安联财产保险。（证券时报）,
11/12/2019,中国人寿：前10月累计原保险保费收入约为人民币5204亿元。,
11/12/2019,【险企加速布局养老地产 12家公司计划投资超千亿元】随着应对人口老龄化工作的不断推进，保险公司对养老地产的布局开始提速。据统计，截至目前，已有中国人寿、泰康保险、阳光人寿、合众人寿等12家保险公司宣布投资养老社区，计划投资金额合计超过千亿元，部分险企已有养老社区落地。（上海证券报）,
11/12/2019,  险企加速布局养老地产，截至目前，已有中国人寿、泰康保险、阳光人寿、合众人寿等12家保险公司宣布投资养老社区，计划投资金额合计超过千亿元，部分险企已有养老社区落地。（上证报）,
11/11/2019,中国人寿保险：股东财政部将所持股权的10%划转给社保基金。,
11/10/2019,【全球最大主权基金突袭A股 2800亿巨资建仓在即】梳理上市公司三季报数据发现，全球最大主权基金——来自阿联酋的“阿布达比投资局”三季度狂买A股，这家中东土豪机构新进了中国人寿、潍柴动力、迈瑞医疗等18只股票，累计登上28只个股的十大流通股东名单，一举成为A股持股数量最多的外资机构。与此同时，不少顶级外资机构也在加快布局中国A股市场。值得注意的是，11月A股即将迎来“入摩”第三次扩容，也是史上最大一次扩容，券商估计本次指数调整对A股的增量资金(主动+被动)规模约为350亿美元至400亿美元(约2500亿元至2800亿元人民币)。（券商中国）,
11/9/2019,【25次增持后终成万达信息第一大股东 中国人寿想干啥？】历经25次增持后，11月8日，中国人寿再度出手，终成万达信息第一大股东。自2018年末纾困资金进入万达信息以来，中国人寿系已对万达信息进行了六轮增持，三次触及举牌线。虽然增持之路上有诸多插曲，但中国人寿在成为其第一大股东的路上仍步履不停。业内人士称，中国人寿入股万达信息是第一步，控股是过程，打造自己的“科技公司”才是目的。（中国证券报）,
11/8/2019,万达信息：中国人寿成为第一大股东，公司变更为无控股股东、无实际控制人。,
11/7/2019,  【龙虎榜：万达信息涨停 再获机构买入9158万元】万达信息涨停，全天成交9.51亿元。盘后数据显示，机构专用位居买一席位，买入9158万元；深股通专用席位位居卖一席位，卖出2576万元，买入1798万元。 万达信息昨日晚间公告，中国人寿及其一致行动人近期增持公司3.20%股份，持股比例升至18.23%。此前三个交易日（11月4日至6日），三个机构席位合计买入万达信息逾5亿元。,
11/7/2019,上证综指午盘收跌0.30%，报2969.81。中国人寿对指数下跌贡献最大，下跌2.8%。 派思股份跌幅最大，下跌10.0%。,
11/7/2019,  万达信息涨停，公司获中国人寿近日增持3.2%股份，近三日累涨24%。,
11/6/2019,  万达信息：中国人寿及其一致行动人近日增持了3.2047%，目前合计持股18.2301%，不排除未来12个月内在估值适当时继续增持公司股份。,
11/5/2019,据电子城公告，公司拟以自有资金与电子城华平东久、中国人寿保险通过入伙方式加入国寿置业设立的有限合伙企业。,
11/4/2019,中国人寿午后持续活跃，大涨近6%，创逾两年新高。,
11/4/2019,上证综指午盘收涨0.75%，报2980.43。中国人寿对指数上涨贡献最大，上涨4.6%。 华北制药涨幅最大，上涨10.1%。,
10/31/2019,【险资三季度重仓8只华为概念股 持股市值合计19亿元】据记者梳理，截至10月30日，在已披露三季报的华为概念股（根据东方财富Chioce分类）中，有8只个股的前十大流通股股东名单中出现了险资身影，其中，险资新进5只，增持3只。前三季度布局华为概念股的保险公司包括中国人寿、中国人保、中意人寿、百年人寿、太平人寿等险企。整体来看，三季末险资对华为概念股的持仓市值合计达19亿元，与险资三季度末超2万亿元的权益类投资相比，占比极低。（证券日报）,
10/30/2019,【五大上市险企前三季大赚2445亿，加仓银行，减仓建筑和地产】中国平安、中国人保、中国人寿、中国太保、新华保险五大A股上市险企前三季度实现净利润2445.54亿元。其中中国人寿净利润增幅最大，同比增长190.4%。中国平安前三季度年化总投资收益率最高，达6.0%。三季度险资在A股的配置呈现分化，逐步减仓建筑和地产等标的，持续加仓银行等业绩较有保障的金融股。减持公司中位于前列的包括中国建筑和万科A，而平安银行和工商银行等金融蓝筹股获得险资青睐。某华东地区保险机构投资人士认为，四季度险资看好消费、科技相关板块，目前这些板块估值仍处于历史较低区域，且未来会有更多外资配置A股需求，汽车、家电、计算机、医药会看到相关利好。（中证报）,
10/30/2019,【中金：预计中国人寿将在今年下半年和明年保持领先同业的强劲增长】中金报告称，中国人寿第三季度新业务价值同比增速大幅超过市场预期，并继续领跑行业，上调今年盈利预测21%。第三季度净利润强劲增长，主要受益于投资收益大幅改善、税收政策变化，及去年同期基数较低   预计公司将在今年下半年和明年保持领先同业的强劲增长，这将有助于扭转市场对于公司高增长持续性的质疑，推动估值修复。,
10/30/2019,【保险股年内平均涨幅达44%，券商仍建议超配保险】今年以来，截至10月29日，A股5大上市险企中，中国平安股价涨幅最高达60.85%，今年以来保险板块的平均涨幅高达43.52%。数据统计显示，近半年（5月份-10月份），保险股均是券商热推标的。中国平安被20家券商发布52篇研报推荐，中国人寿也被21家券商发布33篇研报推荐。从统计的情况来看，这5家上市险企1前九个月合计保费收入为1.94万亿元，同比增长8.8%。保险行业前三季度数据向好，对于接下来行业的展望，券商们整体认为，估值处于历史较低位置，考虑年末估值切换，建议投资者务必超配保险。（证券日报）,
10/28/2019, 【寿险保费稳步增长 险企提前布局“开门红”】梳理发现，今年1月至9月，上市险企保费回暖之势明显。中国人寿、中国人保、中国平安、中国太保和新华保险累计实现原保险保费收入约1.94万亿元，同比增8.8%。上市险企的寿险业务也延续回暖趋势。1月至9月，中国人寿、平安人寿、太保寿险、新华人寿、人保寿险的原保险保费收入累计约12709亿元，同比增6.87%。招商证券研报预计，四季度上市险企对今年业绩目标均“已有打算”，2020年“开门红”时间将提前。（上证报）,
10/24/2019,【中国船舶：国务院国资委原则同意股份公司本次资产重组及配套融资的总体方案】中国船舶公告，国务院国资委原则同意股份公司本次资产重组及配套融资的总体方案。本次资产重组及配套融资完成后，股份公司总股本不超过449761.1863万股，其中中国船舶工业集团有限公司（SS）、中船海洋与防务装备股份有限公司（CS）、中船投资发展有限公司（SS）、华融瑞通股权投资管理有限公司（SS）、中国国有企业结构调整基金股份有限公司（CS）、中国人寿保险股份有限公司（SS）、中国人民财产保险股份有限公司（SS）、国家军民融合产业投资基金有限责任公司（SS）、中银金融资产投资有限公司（SS）和中原资产管理有限公司（SS）分别持有198882.8693万股、21749.4916万股、4855.8755万股、16084.6680万股、9264.1506万股、7982.9993万股、7971.0537万股、7815.7393万股、3947.4612万股和3888.3757万股股份。,
10/24/2019,上证综指午盘收跌0.22%，报2935.25。中国人寿对指数下跌贡献最大，下跌1.7%。 洛阳玻璃跌幅最大，下跌9.7%。,
10/23/2019,【中国人寿：将基于万达信息在医疗健康信息化的技术储备完善相关服务】中国人寿23日在互动平台表示，公司投资万达信息是因为看好它的发展潜力，认可双方较强的协同效应及合作基础，未来也将基于万达信息在医疗健康信息化方面的技术储备共同建设完善相关领域的服务。公司将坚持走国寿特色寿险发展道路。日前消息，中国人寿及其一致行动人第三度举牌万达信息，持股达15%。,
10/22/2019,【中国人寿与东航集团签署投资及业务合作协议】10月22日，中国人寿与东航集团签署投资及业务合作协议。中国人寿与东航集团投资及业务合作协议的签署是中国人寿落实党中央战略部署的重要举措，中国人寿通过参与东航集团股权改革项目，将充分带动集团综合金融业务发展，助力中国人寿和东航集团高质量发展。,
10/21/2019,中国人寿在美涨超5%，报19.7美元；中国人寿A、H股今天下午均收涨约5%。上周五公司发表盈利预喜，预计前三季度净利润同比增加约180%-200%。,
10/21/2019,【保险股盘中拉升 中国人寿涨超4%】中国太保涨超2%。消息面上，中国人寿10月18日晚间公告，预计2019年前三季度的净利润较2018年同期相比，预计增加约357.64亿元到397.38亿元，同比增加约180%到200%。公司上年同期盈利198.69亿元。,
10/21/2019,【中金：维持中国人寿跑赢行业评级】中金报告称，预计中国人寿将在今年下半年和2020年保持领先同业的强劲增长，这将有助于扭转市场对于公司高增长持续性的质疑，推动估值修复； 维持中国人寿H股和A股分别28港元以及36元人民币的目标价不变,
10/21/2019,  【前三季度A股上市险企保费近2万亿元 中国人寿净利大幅预增180%到200%】10月19日，随着中国平安披露了今年前三季度保费(文中“保费”均指“原保险保费”)数据，备受市场关注的上市险企1-9月份保费收入及增速情况也随之出炉。据《证券日报》记者梳理，前三季度A股5家上市险企合计保费收入为1.94万亿元，同比增长8.8%。（证券日报）,
10/20/2019,万达信息：中国人寿及其一致行动人增持公司股份，目前持有公司股份1.65亿股，占公司股份总数的15.0259%。,
10/18/2019,中国人寿：前三季度净利润预计增加约人民币 357.64亿元到人民币 397.38 亿元，同比增加约 180%到 200%。,
10/16/2019,中国人寿：前三季度累计原保险保费收入约为4970亿元。,
10/16/2019,  金融地产板块开盘走强，保利地产、中南建设、金地集团等涨逾4%，兴业银行、招商银行、中国人保、中国人寿涨等涨逾2%。,
10/15/2019,【 贵州茅台三季报：陆股通第三季度小幅减持 中国人寿新进前十大股东 】 贵州茅台(600519)10月15日晚发布三季报，公司前三季度净利为304.55亿元，同比增长23.13%。从股东变化情况来看，第三季度，香港中央结算有限公司（陆股通）减持了552万股，持股比例由二季末的8.45%下降至三季末的8.01%；中国人寿保险股份有限公司－传统－普通保险产品新进前十大股东，持股比例为0.26%。,
9/30/2019,【备战明年“开门红” 保险产品策略趋向多元化】对2020年保费收入水平起决定性作用的“开门红”备战工作，已于近期打响，比往年提前了一个多月。近日，中国人寿正式推出首款用于明年开门红销售的新产品，打响了保险业备战“开门红”的第一枪。记者从多家险企产品部门了解到，以储蓄型产品稳定保费规模，以保障型产品提升业务价值，是保险公司明年的基础产品策略。整体上看，保险公司明年开门红产品策略趋向多元化。（上海证券报）,
9/19/2019,据悉，中国人寿内部已经成立国寿互联网寿险公司筹备组，詹忠任筹备组组长。（每日经济新闻）,
9/19/2019,【证券时报头版评论：新生“互联网寿险”可望引领保险巨头自我革命】近日，中国人寿和中国平安欲设立互联网寿险公司的消息，将“互联网寿险”这个新事物推到大家面前。伴随着互联网寿险公司的出现，监管方式也将面临升级。现有寿险产品的销售有地域限制，互联网寿险产品将如何突破这一监管条件，该如何做好风控，也是新的挑战。但既然大保险公司内部已出现破釜沉舟的决心，那么，互联网寿险究竟能在多大程度上引领保险巨头自我革命，亦值得进一步观察。,
9/18/2019,【A股五大上市险企前8个月保费增长8.8%】截至9月17日，中国人寿、中国平安、中国太保、新华保险、中国人寿均披露了今年前8个月的保费数据。据记者梳理，这五大A股上市险企共计实现保费（文中“保费”均指“原保险保费”）收入1.74万亿元，同比增长8.8%。从目前保险股的配置价值来看，近6个月券商对这五大险企发布的116份研报中，有112份研报评级为“增持或买入”，仅4份维持“中性”评级。（证券日报）,
9/12/2019,  【万达信息：获中国人寿增持2.0464%股份】万达信息公告，中国人寿以其委托国寿资产管理的“中国人寿保险股份有限公司—传统—普通保险产品—005L—CT001深”账户于2019年9月9日、2019年9月10日、2019年9月11日、2019年9月12日通过深圳证券交易所集中竞价、大宗交易方式分别增持公司股份999,
9/12/2019,万达信息：中国人寿管理的保险产品于9月9日-9月12日累计增持了2.05%，完成后中国人寿及其一致行动人持股达到14.7749%。,
9/11/2019,  中国人寿：1-8月累计原保险保费收入约为人民币4432亿元。,
9/5/2019,  保险板块持续拉升，西水股份封板，中国人保大涨4%，新华保险、中国人寿、中国太保纷纷走强。,
9/5/2019,【汇金上半年增持三大产品近30亿 更有多家保险巨头豪买ETF】从半年报披露的持有人看，中央汇金旗下汇金资管大举增持嘉实沪深300ETF、易方达创业板ETF和深100ETF三只产品，合计增持近30亿。中国人寿、德意志银行、中信证券、中国人民财产保险-自有资金、拉萨经济技术开发区通连投资资讯有限公司等机构也在上半年积极布局该ETF。（中国基金报）,
9/1/2019,【中国人寿总裁：未来十年中国仍是增长最快的保险市场】中国人寿保险（集团）有限公司总裁袁长清在2019中国500强企业高峰论坛上表示，我国保险业高质量发展仍然具有广阔的发展空间，未来十年依然是全球增长最快的保险市场之一。我国有望在本世纪30年代中期，成为全球最大的保险市场。,
9/1/2019,【上半年狂赚1775亿 五大上市险企盈利已超去年全年】五大A股上市险企均已发布了2019年半年报。中国人寿、中国人保、中国平安、中国太保、新华保险五大A股上市险企实现净利润1775.2亿元，较去年同期的983.38亿元同比大增80.5%。其中中国人寿实现归母净利润375.99亿元，同比增幅达到128.9%，增幅最大。值得注意的是，上述五大险企去年净利总和为1581.9亿元，也就是说，上半年五大险企盈利总和已经去年全年。（券商中国）,
8/29/2019,【A股五大险企上半年净赚1775亿元 日赚近10亿元】A股五大上市险企半年报披露正式收官。据统计，中国人寿、中国平安、中国太保、新华保险、中国人保上半年归属于母公司股东的净利润合计为1775亿元，按天计算日赚9.86亿元，同比大幅增长80.5%。（证券日报）,
8/29/2019,【上半年五大上市寿险公司个险渠道保费占比高达八成 超万亿元总保费收入亮眼】 上半年，曾一度被银保渠道抢去了风头的个险渠道重新成为绝对主角根据中国人寿、平安寿险、太保寿险、人保寿险以及新华保险这5家上市寿险公司半年报数据统计发现，今年上半年，五大上市寿险公司的总保费收入为10311.81亿元，其中，来自个险渠道的总保费收入为8250.88亿元，个险渠道保费占比高达80%。（证券日报）,
8/27/2019,【“亚洲品牌500强”新榜：国家电网、工商银行跻身前三】由世界品牌实验室(World Brand Lab)研究编制的2019年“亚洲品牌500强”榜单27日在香港揭晓。榜单显示，品牌入选数量居前三的国家是中国、日本和韩国。品牌前十名中，日本丰田汽车为首，中国国家电网、中国工商银行分列二三名，之后依次是海尔、本田、腾讯、三星、华为、中国人寿和中国石油。  （中新社）,
8/27/2019,【权益类资产在上市保险公司配置的资产中占比上升】权益类资产在上市保险公司配置的资产中占比有所上升。据统计，今年以来，中国人寿和中国平安等上市保险公司已经举牌华夏幸福、申万宏源、中广核、中国金茂、中国太保及万达信息6家上市公司。（21世纪经济报道）,
8/26/2019,  【投资收益增长叠加降税利好 A股四险企上半年合计日均净赚9亿元】截至8月25日晚间，5家A股上市险企中，中国平安、中国人寿、中国太保、中国人保均披露了今年上半年业绩情况。据记者统计，这四家险企上半年归属于母公司股东净利合计为1670亿元，上半年日赚9.2亿元，同比大幅增长80%。（证券日报）,
8/26/2019,  【投资收益增长叠加降税利好 A股四险企上半年合计日均净赚9亿元】截至8月25日晚间，5家A股上市险企中，中国平安、中国人寿、中国太保、中国人保均披露了今年上半年业绩情况。据《证券日报》记者统计，这四家险企上半年归属于母公司股东净利合计为1670亿元，上半年日赚9.2亿元，同比大幅增长80%。（证券日报）,
8/23/2019,  【中国人寿赵鹏：LPR报价新机制对公司影响有限】今日在中国人寿2019年中期业绩发布会后，中国人寿副总裁赵鹏接受媒体采访时表示，LPR报价新机制对中国人寿影响有限。一方面对于存量的影响很小，目前绝大部分的债券是固定收益的；另一方面，很少一部分债券是与利率波动挂钩的，但短期内的影响是有限的。,
8/23/2019,【中国人寿副总裁赵鹏：未来择机布局全球资产配置】今日，中国人寿副总裁财务负责人赵鹏在中国人寿2019年中期业绩发布会上回应关于国寿针对外汇投资问题时表示，目前国寿境外投资版块中，外币资产大约有120亿美金，其中大约71%属委托系统内管理人来管理，大约18%委托境外委托人管理，还有11%在境内，主要是外汇存款，在境外委托这块大概有22亿美金。赵鹏说：“优选符合我们管理风格的投资管理人，积极加强投资组合的风险控制。此外，受到外汇管制影响，未来会择机积极布局全球资产配置。”,
8/23/2019,【中国人寿总裁：下半年会重点进行总部和支部的组织架构优化及人员调整】中国人寿总裁苏恒轩在中国人寿2019年中期业绩发布会上强调，下半年会重点进行总部和支部的组织架构优化及人员调整。,
8/23/2019,中国人寿高开1.1%，此前财报显示上半年实现净利润同比增近130%。,
8/22/2019,中国人寿：公司、江苏基金及财产险公司拟于12月31日前与国寿江苏订立合伙协议，成立合伙企业，其中公司认缴出资30亿元。,
8/22/2019,中国人寿上半年净利润376亿元人民币，上年同期164.2亿元人民币。,
8/16/2019,【 五大上市险企前7个月保费突破1.5万亿元，近六个月券商发布的101份研报中有97次推荐保险股 】 A股五大上市险企前7个月的保费数据悉数出炉，据统计，1月份至7月份，中国人寿、中国平安、中国太保、新华保险、中国人保这5家上市险企保费合计为1.57万亿元，同比增长8.7%。据东方财富chioce数据显示，近6个月，券商发布的101份研报中，有97次推荐保险股“增持”及“买入”。（证券日报）,
8/15/2019,  中国人寿1月至7月原保险保费收入约4051亿元人民币。,
8/14/2019,【 增持不避同行，险资举牌再掀高潮 】 中国人寿此番增持并举牌中国太保H股，也是国寿自2019年初以来第四次举牌上市公司。业内人士指出，保险公司之间相互持股此前早有先例。除举牌中国太保之外，进入8月以来，中国人寿连续举牌中广核电力H股，二度举牌万达信息。据不完全统计，今年以来，险企举牌上市公司的数量已达7起。（中证报）,
8/14/2019,【 大型险企掀新一轮“举牌热” 】 险资股权投资热度在沉寂两年后再度回温，且频频触及5%的举牌线。中国保险行业协会公告显示，近期中国人寿连续举牌中国太保和万达信息，加上此前平安人寿屡次出手，年初至今险资已举牌六家上市公司，涉及金额超过百亿元，其中四家集中在近20天内，举牌方平安人寿和中国人寿交替登台。业内人士表示，险资举牌进入新一轮密集期，不过与几年前万能险盛行时期中小险企扎堆举牌不同，今年以来举牌公告主角集中，且均为大型险企，方式也更加稳健。（经参）,
8/13/2019,上证综指午盘收跌0.74%，报2794.07。中国人寿对指数下跌贡献最大，下跌2.7%。 香飘飘跌幅最大，下跌8.3%。,
8/9/2019,【险资年内已举牌6家上市公司】在沉寂两年多后，资本市场“险资举牌”开始回温。近日，中国人寿在中国保险行业协会连发两份举牌上市公司股票的公告，先后增持中国太保、万达信息。据记者统计，年初至今，险资已举牌6家上市公司，而2017年、2018年险资举牌的上市公司数量分别为8家、9家。（北京商报）,
8/9/2019,【国寿、平安年内7次举牌耗资超百亿元】自8月7日中国人寿举牌中国太保后，今年以来，险企举牌上市公司的数量已达7起，耗资合计超过130亿元。据统计，今年以来，中国人寿举牌申万宏源、中广核电力、万达信息、中国太保，其中万达信息被两次举牌；平安人寿举牌华夏幸福、中国金茂。两家上市龙头险企合计举牌6家上市公司。（证券日报）,
8/7/2019,万达信息高开3%，公司获中国人寿及其一致行动人再度举牌，持股达10%。,
8/6/2019,【万达信息：获中国人寿及其一致行动人再度举牌 持股达10%】万达信息公告，自2018年12月28日披露权益变动报告书至2019年8月6日收盘，中国人寿及其一致行动人通过二级市场增持公司股份5497.25万股，累计增持股份占公司总股本的5.0117%。此次权益变动后，中国人寿及其一致行动人持有10.0259%公司股份。,
8/6/2019,中国人寿在香港跌4.6%，创5月14日以来最大跌幅。,
8/2/2019,【上市险企业绩超预期 净利普遍预增50%以上】上市险企日前密集发布业绩预增公告。税收新政叠加投资改善，各险企上半年利润大幅提升，普遍增幅同比在50%以上，超过此前市场预期。中国人寿净利润同比增速更是高达115%至135%，涨幅位居第一。（经参）,
7/30/2019,【上市险企业绩大幅预增 受益险企手续费及佣金支出税前扣除政策】截至目前已有多家险企披露业绩预告，上半年净利均大幅预增。新华保险净利预增80%，中国人寿净利润预增115%到135%，中国人保预增40%到60%。险企净利大增，主要系非经常性损益的影响。财政部、国税总局此前下发的《关于保险企业手续费及佣金支出税前扣除政策的公告》，明确2018年度企业所得税汇算清缴按照该公告执行。因执行该政策，险企2018年度应交企业所得税大幅减少，相应减少本报告期所得税费用。,
7/30/2019,上证综指午盘收涨0.65%，报2960.18。中国人寿对指数上涨贡献最大，上涨1.9%。 网达软件涨幅最大，上涨10.0%。,
7/30/2019,保险股新华保险高开3.6%，公司半年报净利润预增80%；中国人寿高开2%，业绩预增115%-135%。,
7/29/2019,中国人寿：预计上半年净利润将增加188.86亿元221.71亿元，同比增加约115%到135%。,
7/29/2019,【中金：保险券商料助海外中资股业绩增速加快】中金王汉锋等报告表示，海外中资股上半年盈利增速料加快，保险和券商是主要推动力；关注中国人寿等业绩有望超预期的个股，上海石化等业绩则可能低于预期。报告表示，以人民币计价，中金覆盖的约300支海外中资股今年上半年盈利同比增速预计将从2018年的6%升至12%。金融板块盈利增速预计从2018年的持平大幅攀升至17%，非金融盈利增速可能从2018年的15%放缓至7%。,
7/24/2019,万达信息低开高走震荡翻红，该股盘中一度下跌7.3%至逾五个月来最低，此前公司公告称，其控股股东终止向中国人寿转让公司股份。转让终止后，中国人寿仍持有公司股份10.0042%，为公司第二大股东。,
7/24/2019,万达信息低开7%，公司与中国人寿股份转让终止，中国人寿未成为万达信息第一大股东。,
7/23/2019,【万达信息股份转让终止，中国人寿称不排除用其他方式增持】中国人寿方面表示，截至今日，因万豪投资无法达成协议生效条款，其申请解除协议，经审慎研究，中国人寿同意终止《股份转让协议》，并按规定报监管部门备案。中国人寿方面称，基于双方稳定良好的战略合作前景，未来中国人寿不排除通过其他方式增持万达信息股份，如发生增持行为时，将依据法律法规及时履行披露义务。,
7/23/2019, 【中国人寿：拟30亿元参与成立雄安白洋淀生态环保基金】中国人寿公告，公司及其他投资者（各方均作为有限合伙人）拟于12月31日前与雄安基金管理及国寿产业公司订立合伙协议，以成立河北雄安白洋淀生态环保基金（有限合伙）。合伙企业全体合伙人认缴出资总额为80.02亿元，其中，公司认缴出资30亿元。国寿资本公司及雄安基金管理将分别作为合伙企业的管理人和投资顾问。,
7/23/2019,中国人寿：与雄安基金管理及国寿产业成立合伙企业，全体合伙人认缴出资总额为80.02亿元，本公司认缴30亿元。,
7/23/2019,【原股东解除股份转让协议 中国人寿未能成为万达信息第一大股东】7月23日，万达信息发布公告称，公司7月23日接到公司控股股东上海万豪投资有限公司、实际控制人史一兵（与万豪投资并称“出让方”）的通知，出让方已于7月23日收到中国人寿保险股份有限公司出具的关于同意解除《中国人寿保险股份有限公司与上海万豪投资有限公司、史一兵关于万达信息股份有限公司之股份转让协议》的书面回复，《股份转让协议》自2019年7月23日起解除，自始不发生效力。,
7/23/2019,【 五大上市险企前6月保费超1.4万亿 】 A股五大上市险企2019年上半年保费成绩已悉数出炉。数据显示，今年1-6月，中国人保、中国人寿、中国平安、中国太保、新华保险5家A股上市险企共揽获保费约1.4万亿元，可比口径1-6月合计实现保费收入同比增长7.6%。（经参）,
7/18/2019,【国寿健康在京揭牌】7月18日，中国人寿集团旗下独立的健康产业投资业务板块国寿健康产业投资有限公司在京揭牌。至此，中国人寿已形成人身保险、银行、资产管理、财产保险、年金管理、投资控股、健康投资7大子品牌，综合化经营格局进一步完善。,
7/18/2019,【四大上市险企上半年保费超1.1万亿元 多重利好促上半年业绩大增 】 截至7月17日，中国人寿、中国平安、中国太保、新华保险悉数披露了今年上半年的保费收入。据记者梳理，这四大A股上市险企今年1月份-6月份的合计保费收入为11054.6亿元，同比增长7%。天风证券研报认为，净利大增主要来自于投资端好于去年同期及税收政策利好。（证券日报）,
7/16/2019,上证综指午盘收跌0.11%，报2939.08。中国人寿对指数下跌贡献最大，下跌1.8%。 邦宝益智跌幅最大，下跌5.6%。,
7/15/2019,  中国人寿：上半年累计原保险保费收入约为3782亿元。,
7/15/2019,上证综指午盘收涨0.76%，报2952.85。中国人寿对指数上涨贡献最大，上涨1.0%。 澄星股份涨幅最大，上涨10.1%。,
7/12/2019,  中国人寿午后大涨6%，成交额超7亿。,
7/12/2019,上证综指午盘收涨0.46%，报2931.12。中国人寿对指数上涨贡献最大，上涨3.7%。 澄星股份涨幅最大，上涨10.1%。,
7/12/2019,【27家险企密集参与科创板打新 国寿与新华共获配中国通号2亿元】据统计，截至7月11日收盘，共有27家险企出现在科创板公司上市发行公告及初步配售结果的机构投资者名单中。其中，中国人寿与新华保险这两家上市险企出现在中国通号的战略配售名单中，合计配售金额达2亿元。（证券日报）,
7/11/2019,中国人寿午后大涨5%，中国太保、新华保险、中国人保小幅走强。,
7/6/2019,【120家上市公司7月份将交“中考卷”】近日，上市公司上半年业绩交卷时间出炉。7月份，仅有120家上市公司计划披露半年报业绩，其中，沪市有35家上市公司，深市有85家上市公司。而其余的3000余家上市公司的半年报业绩均将在8月份披露。半年报披露的高峰将出现在8月20日后，届时将有多达2994家上市公司扎堆发布半年报，市场关注度较高的中国石油、中国石化、中国人寿、工商银行、农业银行等大蓝筹上市公司都将在此期间披露2019年上半年的业绩。（证券日报）,
7/1/2019,【保险股上涨 中国平安盘中再创新高 监管机构松绑料扩大险资选择信托公司范围】保险股上涨，其中，中国平安股价连续第二个交易日创历史新高。截至午盘，中国平安上涨3.27%报91.51元，盘中最高至92.47元，创2007年上市以来的纪录新高，中国太保、中国人寿、新华保险等均有上涨。分析称，监管机构松绑险资投资信托，意味着险资可以合作的信托公司范围扩大、选择空间更大，利好保险股。此外，保险股整体估值仍较低，后续料仍有向上空间。,
6/28/2019, 【中国人寿与万达信息签署战略合作框架协议】中国人寿今日与万达信息在上海签署战略合作框架协议。双方将建立长期、稳定、互利、共赢的全面战略合作伙伴关系，在医疗健康、智慧城市、云计算、大数据等核心业务领域协同发挥双方在业务资源、信息技术等方面的互补优势，共同发展的双赢战略目标。,
6/28/2019,中国人寿与万达信息签署战略合作框架协议，将在医疗健康、智慧城市、云计算、大数据等领域发挥互补优势，在一网通办、市民云、城市大脑和城市安全等领域深入布局。（上证报）,
6/25/2019,【险企年内斥资55亿元举牌 万能险不再是“弹药”】6月23日，中国人寿及一致行动人举牌万达信息再次让险资举牌上市公司受到资本市场关注。今年以来，险资合计举牌3家上市公司，耗资55.44亿元。与2017年、2018年相比，今年险资举牌的频次略有下滑。今年险资举牌方也全部为上市险企等大型险企，与往年中小险企频繁举牌的情况截然相反。从资金来源方面看，自有资金及保险传统账户资金是今年险资举牌的“弹药”，这与此前险资动用万能险账户资金举牌形成鲜明对比。（证券日报）,
6/25/2019,  【险企年内斥资55亿元举牌 万能险不再是“弹药”】中国人寿及一致行动人举牌万达信息再次让险资举牌上市公司受到资本市场关注。据数据统计，今年以来，截至6月24日，险资合计举牌3家上市公司，耗资55.44亿元。与2017年、2018年相比，今年险资举牌的频次略有下滑。今年险资举牌方也全部为上市险企等大型险企，与往年中小险企频繁举牌的情况截然相反。从资金来源方面看，自有资金及保险传统账户资金是今年险资举牌的“弹药”，这与此前险资动用万能险账户资金举牌形成鲜明对比。（证券日报）,
6/24/2019,【万达信息开盘涨停 大股东将变更为中国人寿】万达信息开盘涨停，并有近21万手封单。消息面上，公司第一大股东将变更为中国人寿及其一致行动人，实控人将由史一兵变更为无实控人。,
6/24/2019,万达信息一字涨停，控股股东与中国人寿签署股份转让协议，拟转让公司5%的股份。,
6/23/2019,【万达信息：第一大股东将变更为中国人寿及其一致行动人】万达信息公告称，控股股东万豪投资、实控人史一兵与中国人寿签署股份转让协议，拟转让公司5.0142%的股份。如《股份转让协议》最终生效并完成交割，公司第一大股东将变更为中国人寿及其一致行动人。公司股票及债券将于6月24日上午开市起复牌。,
6/18/2019,【97家险企启动紧急预案：四川长宁已投保3.6亿元巨灾险】从四川银保监局获悉，当地保险机构已梳理地震巨灾保险情况，宜宾市共计投保115684户，保险金额29.4亿元，其中长宁县投保13600户（城镇2881户、农村10719户），保险金额3.6亿元，并启动应急处置机制。理赔险企包括中国人寿、中国太保、太平人寿、阳光保险、华夏人寿等。,
6/18/2019,【六大上市险企前5月保费延续正增长】中国人寿、中国平安、中国人保、中国太保、中国太平以及新华保险今年前5月保费收入为13052亿元，同比增长8.63%。数据显示，六家险企前5月保费收入均保持上涨，其中，中国人保前五月保费收入增速最高，达到13.05%。  （北京商报）,
6/17/2019,【四大上市险企前5个月保费收入合计近万亿元】截至昨日晚间，中国人寿、中国平安、中国太保、新华保险4家A股上市险企披露了今年前5个月的保费数据。据记者梳理，4家险企前5个月合计保费收入为9423亿元，同比增长7.2%。多家券商近期在对保险板块的中期策略报告中表示，随着税收负担的下降以及上市险企持续转型保障型保险，2019年中期报告及全年报告中利润有望出现大幅提升，刺激保险股估值抬升。（证券日报）,
6/12/2019,【 中国人寿：前五月原保险保费收入约3216亿元 同比增长约5% 】 中国人寿(601628)6月12日晚间公告，公司于2019年1月1日至5月31日期间，累计原保险保费收入约为3216亿元，估算较上年同期的3071亿元同比增长4.7%。中国人寿同日公告，2018年A股利润分配的股权登记日为6月18日，除权（息）日为6月19日，公司扣税前A股每股派发现金红利0.16元。,
6/12/2019,  中国人寿：本公司于2019年1月1日至2019年5月31日期间累计原保险保费收入约为人民币3216亿元（未经审计）。,
6/10/2019,高盛：将中国太平评级由中性下调至卖出，目标价25港元；将中国太保H股评级由买进下调至中性，目标价36.50港元；将新华保险H股评级由中性上调至买进，目标价49港元；将中国人保H股由买进下调至中性，目标价4港元；Goldman将中国人寿H股评级由卖出上调至买进，目标价24.50港元。,
6/4/2019,【“寿险老兵”肖建友离开国寿，赴人保集团任副总裁】原中国人寿副总裁肖建友在今日被中组部任命为中国人保集团副总裁兼党委委员。值得注意的是，就在前几日，人保集团副总裁盛和泰调任国寿集团任副总裁。（经观）,
5/30/2019,【南沙自贸区将新增3张金融牌照 囊括银行、保险和期货交易所】 记者从南沙自贸试验区获悉，南沙自贸试验区正在以跨境合作、金融创新为突破口，进一步加速金融要素的聚集，未来，将会有三家以跨境金融为突破口的金融机构新设在自贸区内。其中一家是粤港澳大湾区国际商业银行。目前正在开展前期论证工作。南沙自贸局还将新增一家寿险公司——富卫中国人寿保险有限公司，这将是中国保险业允许突破50%股比新政后的首家合资人寿保险公司。另外，广州期货交易所有望年内落地，目前落地准备正在有序推进。（一财）,
5/29/2019,【国寿投资170亿元服务粤港澳大湾区】5月29日，在中国人寿服务粤港澳大湾区调研活动上，记者了解到，目前国寿投资公司已完成向广州地区的广州基金、广州开发区基金等项目的出资工作，两只基金合计出资170亿元，重点支持大湾区建设。（中国证券网）,
5/29/2019,中保险板块午后强势拉升，中国人保直线封板，中国太保、新华保险、中国人寿纷纷走强。,
5/29/2019,保险板块午后异动，龙头中国太保涨3%，中国人保、新华保险、中国人寿、中国人寿等跟涨。早间消息，财政部称保险企业手续费及佣金支出可税前扣除。,
5/27/2019,【芒果超媒20亿配套募资落定 中移资本、中国人寿资管战略入股】芒果超媒发布公告，公司以非公开发行方式向2名符合条件的特定对象发行股票5725.74万股，募集配套资金近20亿元。本次配套融资的特定对象为中国人寿资产管理有限公司、中移资本控股有限责任公司2名投资者，中移资本控股有限责任公司认购金额近16亿元，在本次发行新增股份登记到账后，中移资本将成为芒果超媒第二大股东，持股比例为4.37%。,
5/23/2019,【险资打新战报：二季度以来浮盈超2000万元】对二季度以来已公布网下机构询价情况的16只新股统计发现，本轮共有包括中国人寿、建信人寿、平安人寿在内的34家保险机构的72个资金账户参与打新，平均获配数量为2800股，为同期券商的3倍有余，二季度以来合计浮盈已达2055.65万元，为同期券商的5倍有余。（证券日报）,
5/16/2019,【前4月五大上市险企共实现保费收入1.1万亿元，同比增长8.9%】公告显示，今年1~4月，中国人寿、中国平安、中国太保、中国人保、新华保险累计原保费收入1.1万亿元，较去年同期增长8.9%。从前4个月的业绩表现来看，A股四大上市险企的保费收入平稳增长。其中，中国人保以13.7%的增速居首。（每经网）,
5/14/2019,  中国人寿：1-4月累计原保险保费收入约为2949亿元。,
5/13/2019,  今晚恒指成分股的美国预托证券（ADR）全线下行，在30只ADR中，跌幅大于4%的共报4只。中国人寿ADR现跌近5%，腾讯控股ADR跌4.33%，建设银行ADR跌4.13%，中国海外发展跌4.26%。,
5/6/2019,沪指午后失守2900点，逾300只个股跌停，中信证券、新华保险、中国人寿等多只权重股均跌逾9％。,
4/30/2019,【沾光首季A股大涨 上市险企净利水涨船高】今年第一季度，中国人寿、中国平安、中国太保、新华保险实现归属于母公司股东净利润分别为260.34亿元、455.17亿元、54.79亿元、33.67亿元，同比增幅分别为92.6%、77.1%、46.1%、29.1%。投行人士分析认为，上市保险公司一季度净利润普涨主要源于今年第一季度A股市场大幅上涨，而保险公司作为金融业唯一能加杠杆投资股票的机构，权益类投资收益也相应同比大幅增加。（上海证券报）,
4/29/2019,中字头板块午后大涨，中国平安、中国重汽涨4%，中国人寿、中国国旅、中国医药、中国太保、中国国航纷纷拉升。,
4/28/2019,"【三大险企单季盈利已接近去年全年 投资收益大增是""功臣""】三大上市险企均发布了2019年一季报，中国人寿、中国太保、新华保险实现净利润348.80亿元，同比大增75.47%。上述三大险企去年净利总和为373.36亿元，也就是说，一季度盈利总和已经接近去年全年。权益市场向好带动公司权益投资上涨，成为拉动保险利润上升的重要力量。今年一季度，三大险企投资收益总额达614亿元，大幅超过险企净利总和。（证券时报）",
4/25/2019,中国人寿公告称，2019年第一季度净利润260亿元，上年同期为135亿元。,
4/19/2019,【上证50指数一度创逾14个月新高 中国人寿领涨】上证50指数一度上涨1.3%，升至2018年2月以来最高水平，中国人寿等保险股领涨。中国人寿大涨3.7%，升至逾六周最高，中国太保上涨2.5%，新华保险涨2.2%。此前，中国人寿预计第一季度净利润同比大增80％至100％，花旗、摩根士丹利称，中国人寿一季报预增带来惊喜。,
4/19/2019,中国人寿高开3%，公司一季度净利润预计增加108.14亿元到135.18亿元，同比增加约80%到100%。,
4/18/2019,中国人寿：一季度净利润预计增加108.14亿元到135.18亿元，同比增加约80%到100%。,
4/16/2019,恒指收涨超1%再度站上三万点，国企指数涨1.6%；内银、内险股集体发力，建行涨近4%，工行、中国人寿涨超3%。,
4/16/2019,保险板块尾盘拉升，天茂集团涨停，中国太保、中国人寿、新华保险均涨逾4%。,
4/15/2019,【11家机构入选江苏职业年金受托人】近日江苏省职业年金基金管理机构评选委员会发布公示称，中国人寿养老保险股份有限公司、平安养老保险股份有限公司、太平养老保险股份有限公司、中国工商银行股份有限公司、长江养老保险股份有限公司、建信养老金管理有限责任公司、泰康养老保险股份有限公司、招商银行股份有限公司、中国人民养老保险有限责任公司、中国银行股份有限公司、中国农业银行股份有限公司为江苏省职业年金计划受托人。,
4/15/2019,保险板块持续走强，新华保险大涨逾7%，中国太保涨逾5%，西水股份、中国人寿、中国平安、中国人保等均有不俗涨幅。,
4/13/2019,【吉林4家保险公司及部分时任相关负责人因违法违规被处罚】近日，吉林银保监局对中国人寿财产保险股份有限公司长春中心支公司、天安人寿保险股份有限公司吉林分公司、天安人寿保险股份有限公司延边中心支公司、中国人民人寿保险股份有限公司长春市分公司及部分企业时任相关负责人因违反相关法律法规做出行政处罚，涉罚金54万元。（新华网）,
4/12/2019,我爱我家与广发银行北京分行、中国人寿北京市分公司、中国人寿北京市分公司签署《战略合作协议》。,
4/11/2019,中国人寿600万股票通过大宗交易成交，成交价每股21.525港元。,
4/11/2019,文件显示，申万宏源香港上市基石投资者包括中国人寿。,
4/8/2019,上证50高开高走涨1.8%，化工、保险、白酒、银行等权重板块集体发力，中国交建、中国人寿、兴业银行、海螺水泥、贵州茅台等个股均涨逾3%。,
4/7/2019,【险资入市资金再超2万亿，六成配置银行股，2个月市值飙升近1800亿】据Wind统计，截至4月7日，上市公司重要流通股东中，保险机构重仓股持股市值为7941亿元，剔除中国平安集团对平安银行的持股以及中国人寿集团对中国人寿的持股，险资重仓股市值为3067.55亿元，其中重仓的银行股市值占目前保险重仓股持仓总市值的69%。截至2019年2月份数据，险资入市资金已经达到20987亿元，“市值”两个月飙升1767亿元，在投资规模中的占比上升至12.51%。（券商中国）,
4/4/2019,万达信息公告，中国人寿增持3.9805%公司股份，中国人寿及其一致行动人不排除未来12个月内在估值适当时继续增持公司股份。,
4/1/2019,【证金2018年四季度增持蓝筹更趋分散化】与2017年四季度动辄数千万股、数亿股的增减持动作相比，证金公司2018年四季度投资蓝筹股的路径更趋分散化。其中，在2018年第四季度，证金公司增持了13只银行股、保险股。它们分别是中国银行、民生银行、农业银行、交通银行、光大银行、工商银行、建设银行、中信银行、招商银行、中国平安、新华保险、中国太保、中国人寿。（上海证券报）,
3/29/2019,【中国人寿总资产突破3万亿】28日上午，中国人寿保险股份有限公司在京港两地同时举行2018年度业绩发布会。最新年报显示，截至2018年底，中国人寿总资产达人民币32544.03亿元，较2017年底增长12.3%，首次突破3万亿元人民币。市场份额约为20.4%，稳居国内寿险行业第一。（人民日报海外版）,
3/28/2019,【国寿董事长王滨：“重振国寿”的提出契合公司实际】在28日举行的中国人寿业绩发布会上，中国人寿董事长王滨称，年初提出的“重振国寿”战略不是拍脑门儿决定的，是根据国寿实际情况，包括业务发展现状、人员情况以及保险业发展情况，深入调研和反复论证，达成一致制定的战略，比较契合国寿的实际。（证券时报）,
3/28/2019,中国人寿：将积极进行海外资产配置，但会审慎选择目标。,
3/28/2019,【中国人寿苏恒轩：2019年要加强资产配置统筹管理】在今日中国人寿保险股份有限公司2018年度业绩发布会上，针对2019年如何提升投资收益，中国人寿总裁苏恒轩表示，2019年要加强资产配置统筹管理，包括把握大趋势、大波段、大环境；固收投资方面做好基础配置、发挥稳定器作用；权益投资方面，调整存量结构，落实“核心+卫星”策略。,
3/27/2019,中国人寿全年净利润114亿元人民币。,
3/27/2019,【盐城响水事故收理赔报案1006件 预估赔付金额2219万元】27日从江苏银保监局获悉，截至3月24日18时，省内各保险公司共收到责任险、车险、企财险、家财险、人寿保险等理赔报案件数1006件，预估赔付金额2219万元，人保财险、中国人寿、太平洋财险等保险公司已赔付151万元。（中国江苏网）,
3/27/2019,【同股不同价 内地投资者为银行股支付的溢价达到十年来最阔】根据彭博汇总数据，内地投资者为中资银行、券商和保险股支付的溢价达到十多年来最高水平。同一家公司的A股现在平均比H股贵出54%，而过去十年的溢价通常为15%。中信证券A股是今年内地最活跃、表现最佳的大盘股之一，相对于H股的溢价接近历史最高水平。中国太保A\/H股溢价也接近创纪录，而中国人寿约为十年来最阔。,
3/25/2019,【9家机构入选天津市职业年金计划受托人】3月23日，天津市职业年金基金管理机构评选委员会发布公示称，根据《职业年金基金管理暂行办法》、《天津市机关事业单位职业年金基金管理实施办法（试行）》规定，经天津市职业年金基金管理机构评选委员会评选，中国人寿养老保险股份有限公司、平安养老保险股份有限公司、中国工商银行股份有限公司、泰康养老保险股份有限公司、建信养老金管理有限责任公司、太平养老保险股份有限公司、长江养老保险股份有限公司、中国银行股份有限公司、中国人民养老保险有限责任公司9家机构为天津市职业年金计划受托人。中国农业银行股份有限公司、招商银行股份有限公司为天津市职业年金计划受托人候补机构。 （中证网）,
3/25/2019,【中国人寿与河北省人民政府签订战略合作协议】从中国人寿获悉，近日，中国人寿集团与河北省人民政府签订战略合作协议。中国人寿集团董事长王滨表示，中国人寿在职业年金、金融创新等领域有较为丰富的经验，希望进一步发挥保险、投资、银行三大板块的整体优势，与河北省开展相关合作。河北省省委书记王东峰表示，非常欢迎中国人寿积极参与雄安新区建设，并支持中国人寿在河北省相关领域加深合作、加快发展。,
3/25/2019,上证综指上午收盘下跌1.37%，报3061.65；深证成指下跌1.21%，报9759.52；创业板指下跌1.12%，报1674.85。中国人寿对指数下跌贡献最大，下跌4.8%。 新通联跌幅最大，下跌8.3%。午盘交易中，1,
3/25/2019,保险板块早盘低迷，新华保险跌4%，中国人寿跌3%，中国人保、中国平安纷纷走弱。,
3/23/2019,中国人寿资产管理公司智能投资部左浩苗：中金所完善套期保值交易管理利于长期资金入市，增加金融期货市场多头持仓力量。（证券日报）,
3/22/2019,中国人寿：公司于3月20日在全国银行间债券市场发行总额为350亿元的资本补充债券，并于2019年3月22日发行完毕。,
,,
3/22/2019,【港股恒指跌幅扩大至0.62% 石油股、内险股大跌】石油股下跌，昆仑能源跌3.71%；中国石油股份跌3.53%领跌蓝筹；中海油田服务跌2.58%；中国石油化工股份跌1.82%。内险股大跌，中国财险跌2.75%；中国人寿跌2.56%；中国平安跌1.78%。,
3/21/2019,【上市险企业绩增速分化明显】上市险企的利润增速差距正在拉大。继上周中国平安发布了盈利超预期的2018年年报后，3月20日，新华保险公布的2018年年报再度刷新盈利增速，期内公司归母净利润同比增长47.2%，而中国人寿业绩预告显示，2018年该公司归母净利润同比减少约50%-70%。（中国证券报）,
3/20/2019,【8家险企年内增资发债521亿元同比飙增129%】今年以来险企密集通过增资、发债等方式补充资本金。据梳理，今年以来有4家险企合计增资16.1亿元，另有4家险企发行资本补充债券合计505亿元。8家险企增资、发债合计达521.1亿元。增资的4家险企包括华泰保险、法国再保险北京分公司、北大方正人寿、国元农业保险；发债的4家险企分别为中国人寿、平安产险、百年人寿、珠江人寿。（证券日报）,
3/18/2019,【A股四大上市险企前两月保费收入5132亿 同比增长12%】近期，A股上市险企陆续公布前两个月的保费收入。数据显示，四家险企前两个月保费合计为5131.85亿元。其中中国人寿增速亮眼，前两个月保费同比增长达22.4%，其余三家上市险企同比增速均为个位数。平安证券表示，2019年行业保费收入增速明显回暖，年金产品销售回暖且保障产品需求在长周期仍会保持增长。负债端上市险企保费收入持续改善的逻辑得到验证，同时伴随着部分险企策略的转变，价值率有望明显提升。（每日经济新闻）,
3/16/2019,【资本补充债密集获批 险企新一轮“补血”提速】继去年险企频繁增资、发债后，今年险企“补血”需求仍然旺盛。银保监会日前发布消息称，已批复同意中国人寿、珠江人寿、百年人寿、平安产险4家保险机构发行资本补充债券，发行规模分别为不超过人民币350亿元、35亿元、20亿元、100亿元。值得注意的是，此次已获批险企资本补充债券总额为505亿元，已达到2018年全年发债总额的85%，同时公开信息显示，多家险企“补血”计划仍在路上。（经济参考报）,
3/15/2019,保险股集体拉升，中国人寿、中国平安、新华保险、天茂集团涨超3%，中国太保、中国人保涨超2%。,
3/14/2019,银保监会批准中国人寿保险股份发行不超过350亿元资本补充债券。,
3/13/2019,中国人寿：1月1日-2月28日累计原保险保费收入约1892亿元。,
3/6/2019,【湖北职业年金受托人评选结果出炉 8家机构入选】3月5日，湖北省人力资源社会保障厅官网公告，中国人寿养老保险股份有限公司等8家机构成为湖北职业年金受托人。其余入选的受托人还包括，中国工商银行股份有限公司、泰康养老保险股份有限公司、平安养老保险股份有限公司、长江养老保险股份有限公司、太平养老保险股份有限公司、建信养老金管理有限责任公司和中国银行股份有限公司。（中证网）,
3/6/2019,中国人寿获央行同意发行不超过350亿元人民币资本补充债券。,
3/5/2019,大金融板块集体回落，信托爱建集团、泛海控股均跌3%，保险中国人寿跌2%，西水股份、中国太保纷纷走弱。,
3/4/2019,保险股盘中集体拉升，截至发稿，中国人保涨停，西水股份、中国人寿涨超5%，新华保险、中国平安等纷纷跟涨。,
3/3/2019,【中国人寿集团董事长王滨：完善社会信用体系 扩大信息采集范围】全国政协委员、中国人寿集团董事长王滨通过今年的政协委员提案建议，进一步加大信用信息平台建设力度，扩充信息采集范围，完善社会信用体系，促进金融服务实体经济。（中国证券网）,
3/1/2019,金融股持续发力，上证50指数涨超2%，创这轮反弹新高，中国人保大单封涨停，中国人寿大涨8%，兴业银行涨近6%。,
3/1/2019,【职业年金首笔资金投入运作 多地有望上半年跟进】2月27日，中央国家机关及所属事业单位（壹号）职业年金计划第一笔缴费，划入壹号计划受托财产账户，标志着酝酿多年的职业年金市场化投资运营正式起航。该账户由中国人寿养老保险股份有限公司（国寿养老）担任受托人。国寿养老未透露具体到账的资金规模，不过有业内人士分析，预计首笔资金规模不会太大。业内人士预计，已经选定了投资管理人的地区，职业年金投资运作应该会在上半年逐步展开，没有选定的地区会在今年逐步完成招标和投资运作启动相关工作。（证券时报）,
2/28/2019,【职业年金今天正式入市】2月27日，中央国家机关及所属事业单位职业年金计划第一笔缴费划入中国人寿养老保险股份有限公司担任受托人的壹号计划受托财产账户。2月28日，该笔资金已通过购买养老金产品的方式入市。据了解，购买的养老金产品既包括权益类养老金产品也包括固定收益类养老金产品。（中证报）,
2/28/2019,【职业年金首笔资金到账，市场化投资正式起航】2月27日，中央国家机关及所属事业单位（壹号）职业年金计划第一笔缴费已划入中国人寿养老保险股份有限公司担任受托人的壹号计划受托财产账户，标志着酝酿多年的职业年金市场化投资运营正式起航。（上证报）,
2/27/2019,保险板块早盘持续走强，中国人保强势封板，股价创上市以来新高，新华保险、中国人寿、中国平安等均有上涨。,
2/27/2019,保险板块再度冲高，中国人保大涨6%，创上市以来新高，新华保险、中国人寿、中国平安小幅走强。,
2/25/2019,【河南省机关事业单位职业年金计划投资管理人评选结果出炉】中国证券报获悉，河南省机关事业单位职业年金计划投资管理人评选结果出炉。从多位业内人士处了解到，中金公司、平安养老保险、中国人寿养老保险、华夏基金、海富通基金、嘉实基金、南方基金、银华基金、易方达基金、招商基金、工银瑞信基金、博时基金、中信证券、泰康资管、太平养老保险、长江养老保险、富国基金、华泰资管、建信养老金管理、中国人保资管、国泰基金等21家机构分别中标一个或多个组合。业内人士同时提醒，具体名单还需以官方公布为准。业内人士同时提醒，具体名单还需以官方公布为准。（中证网）,
2/25/2019,大金融板块纷纷大涨，中国太保涨停，鲁信创投、安信信托、陕国投A集体封板，中国人寿一度冲板。,
2/25/2019,内险股全线飘红，中国人寿涨超5%，中国太平涨超4%。中国人寿A股涨停。,
2/22/2019,【中国人寿详述业绩爆雷原因：资本市场波动是主因，权益类波动大】在开放日上，中国人寿副总裁赵立军详细回应了这一问题。他表示，寿险公司的利润影响因素一般是“三差”，即死差、费差和利差，而2018年的利润波动主要是受利差影响，其中主要是权益类波动大。他具体解释，“公开市场权益类品种在我们资产里面一旦占到一定比例，资本市场的波动就会影响到我们的权益资产。”,
2/22/2019,中国人寿副总裁赵立军表示，由于股市下跌、更严格的减值会计准则等因素，2018年利润下跌。,
2/22/2019,【中国人寿副总裁赵立军：公司将在股票投资中增加高股息股票】据彭博报道，中国人寿副总裁赵立军在北京的投资者日表态称，公司将在股票投资中增加高股息股票，抓住低估值的机遇，并灵活投资股票。,
2/22/2019,【中国人寿苏恒轩：多重因素激发寿险需求持续释放】在今日召开的中国人寿保险股份有限公司2019年开放日上，中国人寿总裁苏恒轩预判，未来十年，中国仍是全球最有潜力的寿险市场之一。瑞士再保险集团预测，2017年至2030年，中国寿险市场年复合增长率将达到8.6%，发展潜力巨大。多重因素将激发寿险需求持续释放。,
2/21/2019,【6家上市险企1月保费增速13.87%】截至昨日，A股和H股上市的六大上市险企都已发布1月保费数据。中国人寿、中国人保、中国平安、中国太保、新华保险和中国太平1月份保费合计达5392.43亿元，同比增长13.87%。从寿险和财险两大细分行业看，作为各自龙头的中国人寿和人保财险保费分别增长24.45%、31.18%，增速大幅领先同业。寿险方面，国寿外的其他上市系险企均仅为个位数增速；财险方面，三巨头都保持两位数以上的较高增速，强者恒强态势明显。（证券时报）,
2/20/2019,【香港恒指涨超1% 创去年8月以来新高】港股今日高开高走，三大指数均涨超1%，恒指突破前期高点，创去年8月以来新高，个股方面，腾讯、蒙牛乳业、中国人寿等涨超2%。,
2/19/2019,保险股持续走强，中国人保大涨逾7%，中国人寿涨逾4%，新华保险、中国太保、中国平安纷纷走强。,
2/19/2019,保险股早盘再度走强，中国人寿涨逾3%，中国平安、新华保险、中国太保均有上涨。保险股估值料继续提升，多位险企人士表示，从内含价值的估值方法看，目前保险股已处于历史低位，下跌空间有限。,
2/18/2019,中国人寿：公司于2019年1月1日至2019年1月31日期间累计原保险保费收入约为1578亿元。,
2/18/2019,【银行、保险股追随券商股走高】银行、保险股也纷纷追随券商股走高，紫金银行、张家港行、平安银行、宁波银行、中国人寿、中国平安等个股均涨超3%。,
2/4/2019,建银国际证券：将中国人寿H股评级由中性下调至落后大盘，即下跌12%。,
1/31/2019,【中国铁建与中国人寿签署战略合作协议】1月30日，中国铁建与中国人寿保险（集团）公司签署战略合作协议。协议签署前，双方还就进一步深化战略合作关系等进行了深入交流。中国铁建董事长陈奋健表示，期待双方以此次战略合作协议签署为契机，共同抓好公司层面、项目层面和专业层面的合作对接，更有成效地推动相关合作项目落地。,
1/31/2019,保险板块大幅走强，中国人寿大涨近4%，新华保险涨3%，中国人保、中国太保、中国平安纷纷走强。,
1/30/2019,中国人寿今日开盘跌4.32%。中国人寿1月29日晚间公告，预计2018年净利润较2017年减少约161.26亿元到225.77亿元，同比减少约50%到70%。业绩减少的主要原因是受权益市场整体震荡下行影响，公司公开市场权益类投资收益同比大幅减少。,
1/30/2019,香港恒生指数开盘上涨0.1%，报27571.41点。 国企指数涨0.03%。恒指成分股中，苹果概念股瑞声科技、舜宇光学科技涨约3%，中国人寿大跌4.47%领跌蓝筹。,
1/29/2019,  中国人寿（LFC.N）跌超6%，此前该公司发布预警，预计本公司2018年度归属于公司股东的净利润同比减少约50%到70%。,
1/29/2019,中国人寿：预计2018年度净利润比2017年减少50%-70%。,
1/29/2019,保险板块午后护盘，中国人保午后大涨4%，西水股份、新华保险、中国人寿、中国太保跟涨。,
1/29/2019,【国寿领投准时24亿元A轮融资 创B2B物流最大融资记录】准时达国际供应链管理有限公司正式完成A轮融资交割，融资总额达24亿元，创B2B供应链物流领域最大单笔融资记录。据了解，本轮融资由中国人寿领投，中金资本及IDG资本联合领投，中铁中基、钛信资本、元禾原点投资等投资机构跟投。业内人士预计，此次融资或将带动B2B供应链物流市场的连锁反应。（中证网）,
1/28/2019,【安徽省职业年金计划受托人评选结果出炉，10家入围】安徽省职业年金基金管理机构评选委员会发布《安徽省职业年金计划受托人评选结果公示》称，中国人寿养老保险股份有限公司、平安养老保险股份有限公司、中国工商银行股份有限公司、太平养老保险股份有限公司、长江养老保险股份有限公司、泰康养老保险股份有限公司、建信养老金管理有限责任公司、招商银行股份有限公司8家机构为安徽省职业年金计划受托人；中国银行股份有限公司、中国人民养老保险有限责任公司2家机构为安徽省职业年金计划受托人候补机构。（中证网）,
1/25/2019,【中资金融股在两地市场走强 分析称央行CBS工具料提升银行抗风险能力】银行、保险股在内地、香港两地走强，对基准股指贡献突出。香港市场方面，工商银行、招商银行涨超2%；中国太平、中国人寿涨2.9%，新华保险、中国平安均涨逾2%。A股方面，平安银行涨4.1%，兴业银行涨2%；中国人寿、新华保险等均涨逾2%。金融地产指数在沪深300中表现最佳，一度上涨1.6%，创一周来盘中最大升幅。此前中国创设央行票据互换工具，鼓励银行发行永续债来补充资本，且放开保险机构投资商业银行部分债券的限制。,
1/24/2019,中国人寿：因个人年龄原因，执行董事许恒平正式辞职。,
1/24/2019,今日，中国人寿（海外）”副董事长、总裁刘安林，接替已到退休年龄的刘英齐，出任“国寿财险”党委书记、拟任总裁。这将是国寿财险成立以来的第三任总裁。,
1/23/2019,【新年第二省！福建职业年金受托机构评选结果出炉，十家入选】1月23日，福建省职业年金计划法人受托机构评选结果公示显示，经福建省职业年金基金管理机构评选委员会评选，选取评选结果前十名的受托机构为福建省职业年金基金受托管理机构。具体来看，第一组为中国人寿养老保险股份有限公司、中国工商银行股份有限公司、平安养老保险股份有限公司、泰康养老保险股份有限公司。第二组为太平养老保险股份有限公司、长江养老保险股份有限公司、招商银行股份有限公司、建信养老金管理有限责任公司。第三组为中国人民养老保险有限责任公司、中国农业银行股份有限公司。公示期为5个工作日，从1月23日至1月29日止。据了解，这是继上海之后，2019年第二个选出职业年金计划受托机构的省份。（中证网）,
1/18/2019,【上海职业年金受托人评选结果出炉】通知显示：中国人寿养老保险股份有限公司、平安养老保险股份有限公司、太平养老保险股份有限公司、长江养老保险股份有限公司、中国工商银行股份有限公司、建信养老金管理有限责任公司、泰康养老保险股份有限公司7家机构为上海市机关事业单位职业年金计划受托人。（中证报）,
1/18/2019,中国人寿：银保监会批复公司发行不超过350亿元的可赎回资本补充债券。,
1/17/2019,【2018年上市险企保费平稳增长 新华人寿保费创历史新高】中国平安、中国人寿、中国人保、中国太保、新华人寿5家A股上市险企日前披露保费数据。2018年，5家上市险企共实现保费收入2.19万亿元，同比增长10.8%，新华人寿保费收入创下历史新高。银保监会有关负责人日前在接受记者采访时表示，我国已成为全球第二大保险市场，保险机构要加速回归保障本源，在提升规模的同时提升服务能力，加强保险业务与风险控制之间的协同配合，提高经营管理效率。（新华社）,
1/14/2019,中国人寿公告，公司获准在全国银行间债券市场公开发行10年期可赎回资本补充债券，发行规模不超过人民币350亿元。,
1/8/2019,【国寿与建行签署全面战略合作协议，创新银保合作模式】中国人寿董事长王滨表示，中国人寿与建设银行同根同脉，未来双方要以此次签约为新的契机，在过去良好的合作基础上，围绕服务雄安新区建设、粤港澳大湾区建设、“一带一路”建设等国家战略，进一步扩大合作领域，深化合作成效，着力创新开展银保合作新模式，加强境内外业务协同，抓好金融科技联动，推动全面战略合作迈上新高度。,
1/8/2019,【银保监会批准光大永明人寿经营个税递延商业养老保险】银保监会7日公布了第四批经营个税递延商业养老保险业务的保险公司名单，光大永明人寿成为唯一入围企业。自2018年5月31日银保监会公布第一批名单以来，截至目前，已有新华人寿、中国人寿等20家保险公司获批经营个税递延商业养老保险业务。（新华社）,
1/7/2019,【新华保险一度跌停，董事长称寿险总保费或现负增长】新华保险一度触及跌停，中国太保跌超2%，中国人保、中国人寿下跌。新华保险换届在即，消息称董事长兼CEO万峰将不再连任。此前万峰称，按寿险保费增长逻辑来看，首年保费2019年可能还是继续负增长。中金保险提供的数据显示，截至19年1月3日，平安、太保、新华、太平开门红新单保费负增长。,
1/5/2019,【中国人寿集团首席投资官王军辉：A股已凸显较强配置价值】中国人寿保险（集团）首席投资官王军辉今日在2019年首席经济学家论坛上表示，经历了深度调整，A股处于历史底部区域，配置价值极高。王军辉表示，A股经历了去年深度调整后，已经处于历史底部区域。中央经济工作会议也对资本市场给予了较高定位，随着资本市场进一步对外开放，A股将出现长期配置价值，配置价值极高。而债券市场，利率债仍将维持趋势，收益率下行仍有一定空间，但有所减弱。信用利差更趋分化，考验市场信用市场风险定价能力。（中国证券网）,
1/4/2019,【中国人寿：130亿元参与广发银行增资】中国人寿公告，截至2018年12月14日，公司已完成与广发银行股份认购协议签署和认购款项支付等工作。根据协议约定，公司认购广发银行18.72亿股每股票面价值为1元的普通股，每股认购价格为6.95元，认购价格合计为130.12亿元。认购完成后，公司的持股比例保持43.69%不变。截至公告日，广发银行已办理完毕本次股份增发的验资。至此，本次交易已完成。,
1/3/2019,【获大股东力挺，广发银行300亿增资到账】广发银行公告称：已严格按照法律法规完成股份增发，定向发行42.8亿股新股，总股本增至196.9亿股。本次股份增发，大股东中国人寿等52家在册股东合计认购19.1亿股；江西省高速公路投资集团认购16.1亿股，占本行本次发行后总股本比例为8.184%；中航投资控股有限公司认购7.62亿股，占本行本次发行后总股本比例为3.873%。,
12/26/2018,【8家机构成为山东职业年金投管人】山东省人力资源社会保障厅官网刚刚发布山东省职业年金投管人评选结果。中国人寿养老保险，平安养老保险，太平养老保险，工商银行等8家机构成为山东职业年金投管人。（中国证券报）,
12/26/2018,【中信证券披露最新股东：证金持股不变 中国人寿旗下产品退出前十大股东】中信证券12月26日晚间披露截至12月24日的前十大股东持股情况，其中，三季报中第四大股东、持股3.1亿股（持股比例2.56%）的“中国人寿保险股份有限公司-传统-普通保险产品-005L-CT001沪”退出前十大股东；证金、汇金资管持股不变，持股比例仍分别为2.99%、1.64%；股东为55.37万户，较三季报的54.43万户有所增加。,
12/26/2018, 【辽宁省职业年金受托人名单出炉】12月24日，辽宁省机关事业单位职业年金管理计划受托人评选结果对外公示，中国人寿等9家机构入选成为计划受托人，另有3家机构成为计划受托人候选机构。按照计划，辽宁省职业年金基金管理机构评选委员会办公室接下来将很快展开托管行和投管人评选，各家基金公司也在为招标工作进行积极准备。（ 21）,
12/24/2018,【中邮保险与国寿资产签署战略合作协议，力争两年内合作投资100亿元】近日，中邮人寿保险股份有限公司与中国人寿资产管理有限公司签署战略合作协议，力争在两年内投资合作规模达到100亿元人民币，并视合作成果情况进一步扩大合作规模。同时，双方合作的首只保险资管产品将于近期起始运作，其他策略产品也将陆续落地。,
12/20/2018,【中国人寿：拟出资20亿元设立合伙企业】中国人寿公告，公司拟与国寿置业成立合伙企业。合伙企业的首期募资总额为20.01亿元，其中，公司认缴出资20亿元，国寿置业认缴出资100万元。合伙企业的首期募资将用于投资航空工业及其附属公司的航空发展项目、混改项目、结构调整项目、科研院所转制项目、上市公司定向增发项目等其他项目。,
12/20/2018,中国人寿：因个人年龄原因，现任总裁林岱仁提出辞职，将由苏恒轩接任总裁职务。,
12/20/2018,【前11月上市险企保费收入平稳增长】中国平安、中国人寿、中国太保、新华保险4家A股上市险企日前披露保费收入数据，今年1月至11月，4家上市险企共实现保费收入1.6万亿元，同比增长12.6%。 数据显示，1月至11月，中国平安保费收入6605.07亿元，同比增长19.1%。中国人寿、中国太保、新华保险保费收入分别为5123亿元、3025.52亿元、1161.22亿元，同比增长4.5%、14.7%、11.7%。今年以来，在寿险行业保费整体负增长的情况下，上市险企竞相发力健康保险，对行业稳定发展起到了重要支撑作用，成为行业发展亮点。（新华社）,
12/20/2018,【四大上市险企1-11月份寿险保费1.26万亿元 远超同业平均增速】截至昨日晚间，中国平安、中国人寿、中国太保、新华保险全部公布其11月份保费数据。从寿险方面来看，11月份四家上市险企共实现寿险保费收入643亿元，同比增长速13.1%，较上月有所回落。从累计增速来看，前11个月四家上市险企共实现寿险保费收入1.26万亿元，同比增长12.1%，远好于行业平均水平（行业前10月增速-0.81%，前11月数据暂未公布）。（证券日报）,
12/20/2018,【四大上市险企1-11月份寿险保费1.26万亿元 远超同业平均增速】截至昨日晚间，中国平安、中国人寿、中国太保、新华保险全部公布其11月份保费数据。从寿险方面来看，11月份四家上市险企共实现寿险保费收入643亿元，同比增长速13.1%，较上月有所回落。从累计增速来看，前11个月四家上市险企共实现寿险保费收入1.26万亿元，同比增长12.1%，远好于行业平均水平（行业前10月增速-0.81%，前11月数据暂未公布）。（证券日报）,
12/18/2018,【中国人寿与交通银行签署全面战略合作协议】中国人寿与交通银行签署全面战略合作协议，双方一致同意，增强服务国家重大战略的协同性，共同促进供给侧结构性改革，共同推动创新型国家建设，共同聚焦区域经济协同发展，共同服务改革开放再出发的新格局，在雄安新区建设、“走出去”合作、“降杠杆”合作、投融资业务、产品销售、基础金融业务、年金基金业务等领域开展多层次、多领域、全方位的战略合作。,
12/11/2018,【中国人寿：前11月原保险保费收入5123亿元 同比增长逾4%】中国人寿12月11日晚间公告，公司于今年1月1日至11月30日期间，累计原保险保费收入约5123亿元，较上年同期的4903亿元增长逾4%。,
12/11/2018,【国寿：通过股权债券投资向企业提供融资超过6000亿】在今天举行的21世纪亚洲金融年会上，中国人寿保险股份有限公司副总裁徐海峰表示，公司投资资产总规模超过2.7万亿人民币。通过公开市场股权、债券投资，向企业提供直接融资超过6000亿元。通过项目融资方式，投向实体经济的资金超过3000亿元，累计投资项目300多个。,
12/10/2018,【中国人寿80亿元入股中电核 股权占比为26.76%】今日，中国人寿在中国保险行业协会发布《关于大额未上市股权投资的信息披露公告》。内容显示，中国人寿向中电投核电有限公司投资80亿元，占增资后中电核的股权比例为26.76%。,
12/4/2018,【80亿元债转股项目落地，中国人寿宣布增资国家电投旗下公司】中国人寿与国家电投在北京签署中电核债转股增资协议，中国人寿出资80亿元对国家电投下属公司中电投核电有限公司进行增资。增资款用于偿还债务，助力企业降负债去杠杆，为中电核绿色创新发展提供支持。（中证网）,
11/29/2018,中航资本：全资子公司中航投资拟进行增资扩股，引进包括中国人寿在内的6家战略投资者，合计增资扩股规模100亿元。,
11/29/2018,【张家口发生爆炸事故 保险业紧急应对】从张家口市保险行业协会了解到，得知消息后，张家口市保险行业协会立即与张家口市政府指挥部对接，各家保险公司高度重视，纷纷启动理赔重大事故应急预案，成立应急小组开展排查工作。同时开通应急绿色通道，积极应对本次事故。据初步排查了解，中国人寿、中国人保、太平洋产险、平安产险、阳光产险、紫金财险等在当地的分支机构均已赶赴现场，开始摸底排查，华安保险已经开始着手预估赔付。（中国保险报）,
11/20/2018,【美股大跌拖累科技股 信息技术类在沪深300指数十大行业分类指数中表现最差】沪指午盘收跌1.6%，沪深300指数午盘收跌1.9%；对上证综指拖累最大的个股：工商银行跌1.3%，中国平安跌2.5%，中国人寿跌2.9%，中国石油下跌1%，农业银行跌1.1%。信息技术类在沪深300指数十大行业分类指数中表现最差，下跌3.5%。其中，海康威视跌7.6%，大华股份跌7.6%，三七互娱跌6%，同花顺跌5.6%，欧菲科技跌4.9%，大族激光跌4.1%。,
11/20/2018,【险企备战明年“开门红” 年金产品是主力 养老、医疗成标配】每临岁末，各大险企打响的“开门红”大战就会备受市场关注。为迎2019年“开门红”，多家险企推出的产品多为“年金+”系列，采用“以附促主”的形式销售。而在以往每年普遍附加万能险的基础上，养老社区和医疗险渐成“开门红”组合的标配。截至目前，中国人寿、太平人寿、平安人寿等多家险企都积极备战“开门红”。（上海证券报）,
11/14/2018,【天山股份拟以债权投资计划方式融资不超过20亿元】天山股份拟与中国人寿开展“中国人寿-天山股份基础设施债权投资计划”，以债权投资计划方式融资不超过人民币20亿元，各期投资资金的投资期限自该期投资资金首个划款日起计算，至该期投资资金首个划款日起满三年的对应月对应日止（如果该日为非工作日，则顺延至该日后的第一个工作日），融资年利率5.5%（该利率为固定利率）。,
11/14/2018,中国人寿公告，前10月保费收入约4920亿元。,
11/13/2018,【王滨出任中国人寿董事长】据中国人寿官网消息，经中国人寿保险股份有限公司股东于2018年11月13日举行的2018年第一次临时股东大会上选举王滨先生为本公司执行董事后，本公司于同日举行第六届董事会第七次会议，选举王滨先生为本公司董事长，其任职资格尚待中国银行保险监督管理委员会核准，任期至第六届董事会届满时为止。,
11/8/2018,【恒生指数高开1.3%，苹果概念、保险股齐升】香港恒生指数高开1.3%。腾讯控股高开2.6%；舜宇光学、瑞声科技分别高开5.3%、1.7%；中国人保、中国平安、中国人寿分别高开1.5%、1.9%、1.2%。,
11/8/2018,【中国人民保险集团：A股战略投资者包括中国人寿等】人保集团公告称，A股战略配售788,
11/7/2018,【纾困民企融资难 国寿资产即将发行民企债系列保险资管产品】继发行首个保险业纾困上市公司股权质押风险的专项产品后，中国人寿资产管理有限公司针对民企“融资难”的问题，即将发行“麒麟”民企债系列保险资产管理产品。（上证）,
10/29/2018,【险资首支化解股票质押风险专项产品成立 目标规模200亿】10月29日，险资首支化解股票质押风险专项产品成立。首支产品“国寿资产—凤凰系列产品”，由中国人寿资产管理有限公司（国寿资产）设立，将参与化解优质上市公司股票质押流动性风险。该专项产品已经中保保险资产登记交易系统有限公司完成登记。“国寿资产—凤凰系列产品”目标总规模200亿元。（证券时报）,
10/29/2018,【大金融板块集体低迷 上证50指数跌超2%】截至发稿，上证50指数跌超2%，沪指跌1.37%。个股方面，招商银行跌超3%，平安银行跌超2%，农业银行等跌超1%；中国平安、新华保险等跌超4%，中国太保、中国人寿跌超3%。,
10/26/2018,【中金：下调中国人寿的盈利预测和目标价 因第三季度业绩逊于预期】中金表示，中国人寿的第三季度业绩逊于市场预期，因此下调对该股的盈利预测和目标价，将H股目标价格下调12%至23港元，较周四收盘价高出35%。,
10/26/2018,中国人寿在香港下跌3.4%，此前公布第三季度利润大幅下挫，中国人寿第三季度净利润34.5亿元人民币，上年同期为146亿元。受境内股票市场持续低迷影响，三季度公开市场权益类资产收益显著减少。,
10/25/2018,【中国人寿：前三季度净利199亿元 同比降26%】中国人寿10月25日晚间在港交所披露三季报，公司2018年前三季度实现营业收入5409.67亿元，同比下降1.2%；净利润198.69亿元，同比下降25.9%。每股收益0.69元。股东方面，证金公司持股由二季度末的2.36%增至2.56%。,
10/22/2018,午后保险、银行再度发力，中国人寿大涨9%，新华保险大涨7%，中国太保、平安银行等个股均涨超6%。,
10/19/2018,【前三季度上市险企保费收入稳健增长】中国平安、中国人寿、中国太保、新华保险四家A股上市险企日前披露保费收入数据，今年1至9月，四家上市险企共实现保费收入1.4万亿元，同比增长约12%。银保监会有关负责人日前在接受采访时表示，当前保险业发展势头向好，银保监会将引导行业加快调整转型，回归保障本源，加强风险管理，迈向高质量发展。（新华社）,
10/15/2018,【中国人寿：前三季原保险保费收入4685亿元】中国人寿10月15日晚间公告，前三季度，公司累计原保险保费收入约4685亿元。,
10/15/2018,中国人寿1-9月原保险保费收入4685亿元人民币。,
10/12/2018,【华润置地：南宁投资、华润置地珠海等与中国人寿保险设立150亿元房地产投资基金】华润置地在港交所公告，南宁投资、华润置地珠海、华润投资创业、世博土地控股与中国人寿保险设立房地产投资基金。根据合伙人协议条款，基金的初期总资金承担将为人民币150亿元，主要目标为投资于写字楼物业项目（包括可改装为写字楼的物业）、酒店项目、商业物业项目及长租公寓项目以及相关周边服务项目，或其他经由投资决策委员会一致通过的项目。本公司全资附属公司华润置地珠海将注资人民币24亿元，相当于基金的总资金承担约16%。,
10/10/2018,【银保监会：我国已成为世界第二大寿险市场】 银保监会副主席黄洪10日在深圳表示，改革开放以来我国寿险业获得极大发展，2017年成为世界第二大寿险市场，中国平安和中国人寿两家公司进入世界保险公司前十强。,
10/6/2018,【险企加快布局养老产业链】近年来，以泰康人寿为代表的保险公司建设养老社区的热情高涨。截至2017年6月底，全国共有8家保险机构投资29个养老社区项目，计划投资678.2亿元，部分养老社区项目已投入运营。还有不少公司刚刚涉足或在谋划当中。目前养老社区建设具有一定规模的主要是泰康人寿、中国人寿、太平人寿、合众人寿等公司。（券商中国）,
9/28/2018,【外媒：里拉暴跌吸引阿里巴巴等重量级中资公司赴土耳其淘金】路透援引一些熟悉情况的人士透露，土耳其里拉暴跌令当地资产变得便宜，包括科技巨擘阿里巴巴在内的一些大型中资公司正积极在土耳其寻找机会，并已经与当地公司进行过会谈。这些会谈于8月中旬在伊斯坦布尔开始，当时土耳其正处在货币危机的最低谷。除阿里巴巴在今年稍早购入土耳其线上零售商Trendyol之外，包括中国人寿和招商局集团在内的其它公司也进行过谈判。消息人士表示，中国企业已对土耳其的基础设施、采矿、能源、零售和保险行业显示出兴趣。,
9/27/2018,【阿里巴巴等多家中国企业据悉考虑投资土耳其资产】多家中国企业正评估土耳其的投资机会，这些公司包括阿里巴巴、中国人寿和招商局集团，与土耳其公司的会谈于8月中旬开始；这些公司对基础设施、矿产、能源、零售和保险行业感兴趣。此前有消息称，达华智能洽购持有土耳其电信多数股权的特殊机构。,
9/26/2018,【A股“入富”周四揭晓 上证50指数涨超1%】上证50指数涨超1%，中国神华涨超3%，伊利股份、贵州茅台、中国人寿、宝钢股份、海螺水泥等多只个股纷纷冲高。MSCI今日宣布，建议将中国大盘A股的纳入因子从5%增加到20%。此外，全球第二大指数公司富时罗素将在周四，宣布是否将中国A股纳入其指数体系。,
9/25/2018,【上市险企寿险新单增速回暖 主流投行集体点赞】上市险企前8月保费数据披露完毕。记者梳理发现，今年前8月，4家A股上市险企中国人寿、中国平安、中国太保和新华保险共实现原保险保费收入1.25万亿元，同比增长12.4%。其中，备受市场关注的寿险新单保费增速回暖。上市险企保费结构持续改善。多家主流投行认为，资产端波动影响可控，加上上市险企准备金不断释放利润，预计上市险企业绩表现可期。（上证）,
9/17/2018,【中国人寿总裁林岱仁离任 苏恒轩接棒】从接近中国人寿保险股份有限公司人士处获悉，中国人寿总裁林岱仁到龄退休，中国人寿保险（集团）公司副总裁苏恒轩将出任中国人寿总裁。（上证报）,
9/12/2018,中国人寿公告，1-8月累计原保险保费收入约为4190亿元。,
9/11/2018,【险资高调布局创业板 8支创业板指数ETF吸金量猛增90逾倍】彭博汇总数据显示，中国8支投资于创业板的指数ETF今年以来资金流入合计35.5亿美元，比2017年全年骤增96倍，其中易方达创业板ETF、华安创业板50ETF两支合计占流入总额的95%。根据易方达和华安ETF的中报，分别有5家和7家保险公司新晋成为这两支ETF的前十大份额持有人。而中国最大的寿险公司--中国人寿在两支ETF中均占据第一。,
9/7/2018,王滨将接替杨明生成为中国人寿集团党委书记、董事长。（财经）,
9/4/2018,【原中国太平董事长王滨将赴中国人寿担任委书记、董事长】中国太平内部宣布新任党委书记、董事长罗熹到位，其原为华润集团副董事长、总经理。据记者多方信源核实，中国太平原董事长王滨将赴中国人寿（集团）担任党委书记、董事长，本周内将宣布。中国人寿（集团）现任董事长、党委书记杨明生，出生于1955年8月将到期退休。,
9/4/2018,【二季度银保监会系统对保险业出具罚单382张】从银保监会获悉，二季度，银保监会系统共对保险业273家次机构出具罚单382张，较一季度增加77张。数据显示，二季度，处罚主要集中在财产险、人身险和保险代理公司。按被处罚机构所属法人计，财产险公司共有30家，人保财险、太保财险、平安财险被处罚次数较多，均超过10次；人身险公司共有22家，中国人寿、人保寿险被处罚次数较多，均在10次左右。 （新华社）,
9/3/2018,【内地投资者8月抛售港股金额创互联互通史上最大】据彭博，在腾讯等几家重量级公司的业绩不达预期之后，内地投资者正以史上最快的速度撤离港股。交易所数据显示，南向投资者8月净卖出港股277.1亿港元，创下沪港通自2014年底开通以来的月度新高。其中，净卖出最大的港股为腾讯，其次是中国银行、蒙牛乳业及中国人寿等。,
9/2/2018,【步调一致增配固收！6家上市险企半年固收增加4315亿，接近投资资产增量】据半年报数据统计，中国人寿、中国平安、中国太保、新华保险以及在港上市的中国人保、中国太平6家上市险企，上半年末总投资资产约8.5万亿元，较年初增加约4378亿，增加的额度几乎都被固收资产占用了——固收类资产增加4315亿。下半年，保险资金投资的基本理念不变，仍是固定收益为主，权益投资保持合理配比，加大研究和内部决策效率，抓住向上的机会。未来随着IFRS9实施，权益资产配置变化，也已是上市险企研究和测试的内容。（券商中国）,
8/30/2018,【上半年险企投资收益率全面下降 新华保险最高达4.8%】统计发现，从年化总投资收益率来看，今年上半年险企的年化投资收益率与去年相比呈全面下降的态势。其中，年化总投资收益率最高的新华保险为4.8%，最低的中国人寿为3.70%。从投资策略上看，今年上半年，险企大多本着谨慎的投资风格，对固收类产品保持着较高的配置热情，而对权益类投资，大多持谨慎态度，以防范风险为主，一方面严格控制仓位，另一方面灵活把握投资节奏，把握个股和阶段性机会。（证券日报）,
8/30/2018,【证金最新投资踪迹：二季度大手笔增持银行保险股】延续今年一季度证金公司增持银行、保险公司的状态，二季度证金公司更是大手笔增持。截至二季度末，证金公司持有农业银行17.32亿股，较一季度末增持6.77亿股，持股比例增至0.53%；持有中国银行85.54亿股，较一季末增持4亿股，持股比例增至2.91%；持有建设银行21.80亿股，较一季末增持9467万股，持股比例增至0.87%；持有交通银行27.02亿股，较一季末增持2.72亿股，持股比例增至3.64%。证金公司二季度对中国人寿、中国太保、新华保险增持规模分别是3959.78万股、5876.69万股和4031.02万股，较一季度环比增长16.65%、214.7%和821.64%。（上海证券报）,
8/29/2018,【内地投资者以创纪录速度“出逃”港股 腾讯是净卖出最大港股】在腾讯等几家重量级公司的业绩不达预期之后，大陆投资者正以史上最快的速度撤离港股。据彭博，南向投资者本月至28日已净卖出港股254亿港元，料创沪港通自2014年底开通以来的月度新高。在恒生指数中权重仅次于汇丰控股的腾讯，本月遭内地资金净卖出已达141亿港元，占整体南向净卖出金额的逾五成。腾讯在8月15日公布盈利意外下降后，股价于次日跌至近一年低位。舜宇光学科技、中国人寿是遭南下最大减持的另外两支港股，减持金额皆近11亿港元，仅次于腾讯。今年以来，港股日均净买入达4.7亿港元，仅为去年15亿港元的三成。,
8/29/2018,【海底捞确认明日通过聆讯 9月27日港交所上市】据“IPO早知道”，海底捞已经收到港交所的书面通知，确认明日通过聆讯。根据最新的上市时间表，海底捞将于9月3日启动分析师路演，9月11日确认基石投资者名单，9月12日启动全球路演，9月20日完成IPO定价，9月27日正式登陆港交所。海底捞计划通过本次IPO募集7~10亿美元，市值90~120亿美元。目前，中投、贝莱德、富达、高瓴和中国人寿有望成为基石投资者，均表示愿意接受该价格区间。海底捞已经成为2018年最受机构投资欢迎的IPO。,
8/23/2018,中国人寿、山东新动能与国寿创新拟成立合伙企业的出资额为约50亿元。,
8/23/2018,【中国人寿：上半年净利164.23亿元 同比增34.2%】中国人寿23日在港交所发布2018半年报。报告期内，公司实现净利润164.23亿元，同比增长34.2%；实现总保费收入3604.82亿元，同比增长4.2%；总资产首次迈上3万亿平台，实现历史突破。市场份额为 22%，较2017年底提升2.3个百分点，稳居行业第一。,
8/13/2018,中国人寿1-7月份累计原保险保费收入约为人民币3,
8/7/2018,【国家融资担保基金成立 18家银行出资350亿】国家融资担保基金有限责任公司已于7月底正式成立，初期注册资本661亿元。财政部持股比例高达45.39%，其余还有20家银行、保险等机构入股，包括五大国有银行、九家大型股份制银行、两家政策性银行和一家开发性银行、邮储银行，以及中国人寿保险公司和北京金融街资本运营中心。其中，共有18家银行出资350亿元，且多数银行自2018年起分4年实缴到位。（证券时报）,
8/1/2018,【河北省与中国人保举行座谈会，推进雄安新区规划建设】7月31日，河北省与中国人寿保险（集团）公司就合作推进京津冀协同发展、雄安新区规划建设举行工作座谈会。河北省委书记王东峰表示，将大力支持中国人寿保险（集团）公司在河北的发展，努力营造良好的营商和发展环境。中国人寿保险（集团）公司董事长杨明生表示，将加大对河北的金融保险投入，助力雄安新区规划建设，支持河北加快重大项目建设，健全社会保障体系，确保重大国家战略顺利推进。,
7/30/2018,【违反反洗钱规定 中国人寿收到央行70万元罚单】7月29日晚间，中国人寿发布公告称，近日收到《中国人民银行行政处罚决定书》。中国人民银行认定，中国人寿于2015年7月1日至2016年6月30日期间，未按照规定保存客户身份资料和交易记录以及未按照规定报送大额交易报告和可疑交易报告，依据《中华人民共和国反洗钱法》，被合计处以70万元罚款。（第一财经）,
7/29/2018,【中国人寿：遭央行行政处罚】中国人寿公告，近日收到《中国人民银行行政处罚决定书》。中国人民银行认定，公司于2015年7月1日至2016年6月30日期间，未按照规定保存客户身份资料和交易记录以及未按照规定报送大额交易报告和可疑交易报告，依据《中华人民共和国反洗钱法》，公司被合计处以70万元罚款。公司表示，截至目前，公司已完善反洗钱制度，建立了新一代反洗钱系统。,
7/27/2018,【中国人寿：上半年净利预增25%到35%】中国人寿27日晚公告，公司今年上半年的净利润较2017年同期相比，预计增加约30.61亿元到42.85亿元，同比增加约25%到35%。业绩增加主要受公司传统险准备金折现率假设更新及权益市场震荡下行的共同影响。,
7/27/2018,【中国人寿迎高管变动潮 赵立军拟任国寿财险总裁】从多个信源获悉，中国人寿保险股份有限公司副总裁赵立军将调任中国人寿财险股份有限公司总裁。中国人寿养老保险股份有限公司和中国人寿电子商务有限公司日前刚刚换帅，国寿股份亦将很快面临总裁换帅。（财经）,
7/24/2018,【 上市险企保费收入增速超预期 】四大上市企险近日陆续公布上半年保费数据。上半年中国平安实现原保费收入共计4080亿元，同比增20%。中国人寿上半年原保费收入达3602亿元，同比增长4%。新华保险上半年原保费收入678.70亿元，同比增11%。太保寿险、产险业务收入合计实现1911.20亿元，同比增17%。上市险企保费数据好于预期，在资管新规、税延养老平台等政策支持下，保险行业长期整体向好已成共识，下半年保费收入改善可期。（中证报）,
7/22/2018,【顺丰首发快递行业海外债受追捧 获7倍超额认购】 7月20日晚间，顺丰控股发布公告，其发行5年期固定利息美元债受到国际投资者青睐，全球最大保险机构宏利人寿、中国人寿、AIA（友邦保险）、国泰人寿，著名基金公司富达基金、Pimco、贝莱德等均积极参与，最终获得7倍超额认购。这次发债是中国快递物流企业首次国际债券发行，为同行以后国际债券市场融资定下基调。,
7/16/2018,中国人寿公告，上半年累计原保险保费收入约为人民币3602亿元。,
7/11/2018,【证监会座谈上市企业首日：有民营企业直诉已需要直面生存问题】7月8日、9日的两场上市公司座谈会分别由证监会主席刘士余、副主席阎庆民主持召开。在第一天会议上，共有15家上市公司的代表出席，既有中国人寿、中国建筑、中国石油等央企，也有海螺水泥、三一重工等老牌行业龙头，更有科大讯飞、科陆电子等新型产业的代表。有一些央企或是行业龙头集团企业在发言时，表示自己企业一切平稳，并不存在市场所担忧的行业、资金和股权质押问题。然而有少数民营企业则在发言时直诉痛点，表示在新一轮的市场环境之下，企业已经需要直面生存问题。证监会此次收集的上市公司反馈的意见和建议，不排除后续汇报给上层以推动相关政策落地。（21）,
7/3/2018,【人寿、工行等8机构入选国家机关事业单位职业年金受托人】中国人寿养老保险股份有限公司、平安养老保险股份有限公司、中国工商银行股份有限公司、泰康养老保险股份有限公司、建信养老金管理有限责任公司、太平养老保险股份有限公司、长江养老保险股份有限公司7家机构为中央单位职业年金计划受托人。招商银行股份有限公司为中央单位职业年金计划受托人候补机构。（中证）,
6/25/2018,【太保三“投”蚂蚁金服 保险与互联网加速融合】中国保险行业协会官网披露的最新公告显示，中国太保旗下子公司太保寿险与蚂蚁金服已于5月29日签订股权投资协议，太保寿险拟斥资约16亿元投资蚂蚁金服股权，目前已处于实际出资阶段。这是自2015年以来，太保第三次投资蚂蚁金服股权。查询蚂蚁金服工商注册资料后发现，除太保之外，另有中国人寿集团、人保资本、新华保险等3家相关保险巨头先后参与过蚂蚁金服的融资。（上证报）,
6/15/2018,【中国人寿与上海市政府签战略合作协议】记者从中国人寿获悉，6月14日，中国人寿保险（集团）公司与上海市政府签署战略合作协议。双方将进行全方位战略合作，发挥中国人寿综合金融优势，共同推进上海国际金融中心建设。,
6/13/2018,【中国人寿：1-5月原保险保费收入3071亿元 同比增约2.9%】中国人寿13日晚间公告，2018年1月1日-5月31日，累计原保险保费收入约3071亿元。公告显示，上年同期该数字为2985亿元，同比增长约2.9%。,
6/13/2018,【中国人寿首次发布两款稅延养老险产品】13日，中国人寿(601628)在上海正式发布两款个人税收递延型养老年金保险产品，包括国寿个人税收递延型养老年金保险A款(2018版)和国寿个人税收递延型养老年金保险B1款（2018版），这是中国人寿首次发布稅延养老险产品。,
6/12/2018,【中国人寿与腾讯签署战略合作协议】6月11日，中国人寿保险（集团）公司与深圳市腾讯计算机系统有限公司在深圳腾讯大厦举行了战略合作协议签约仪式。根据协议，双方将携手推进金融保险及信息技术领域的深度合作，在经营模式、技术研发、市场开拓、用户服务等领域强强联合，促进双方业务发展和共赢。下一步希望以双方共同拥有的庞大客户群体为切入点，依托腾讯公司先进的互联网、云计算技术，加强双方在保险、银行及企业年金、品牌宣传金融科技联合实验室等业务领域的深度务实合作。,
6/7/2018,"""""【6家险企19款产品获批 税延养老险今开售】期待已久的个人税收递延型养老保险产品，将于6月7日正式在上海市、福建省（含厦门）、苏州工业园区三个试点区域开售。记者获悉，6月6日下午，6家保险机构的税延养老保险产品首批获得中国银保监会批准销售。这6家保险机构分别为：太平洋人寿、中国人寿、平安养老、新华人寿、太平养老、泰康养老。（上证）""",
6/6/2018,【6家险企首批获准销售税延养老保险产品】6家保险机构的个人税收递延型养老年金保险（以下简称税延养老保险”）产品首批获得中国银行保险监督管理委员会批准销售。这6家保险机构分别为：太平洋人寿、中国人寿、平安养老、新华人寿、太平养老、泰康养老。（中证网）,
6/5/2018,"中国人寿（HK）：本公司拟在未来三年实施资本性债务融资计划，视公司偿付能力及市场情况，在境内外分多次发行总额不超过800亿元人民币或等值外币资本补充债务工具。""",
6/5/2018,【布局税延养老险产品 12家险企蓄势待发】近日，12家保险公司获准首批经营税延养老保险业务。获批的12家保险公司包括中国人寿、太平洋人寿、平安养老、新华人寿、太平养老、太平人寿、泰康养老、泰康人寿、阳光人寿、中信保诚、中意人寿、英大人寿。记者了解到，目前多家险企蓄势待发，税延养老险产品销售进入倒计时。（中证报）,
6/5/2018,【银保监会约谈10家险企一把手”】近日，结合2017年度保险消费投诉处理考评情况，银保监会对投诉处理考评排名靠后的中国人寿、新华人寿、人民人寿、阳光人寿、泰康人寿、中华财险、永安财险、太平财险、英大财险、众安在线10家保险公司进行监管谈话，要求相关保险公司高度重视消费者权益保护工作，限时整改。（中证报）,
6/5/2018,"【省级国税和地税机构有望在6月份正式合并】从多位税务人士处了解到，省（自治区、直""银保监会6月1日消息，近日，银保监会结合2017年度保险消费投诉处理考评情况，分别对投诉处理考评排名靠后的中国人寿、新华人寿、人民人寿、阳光人寿、泰康人寿、中华财险、永安财险、太平财险、英大财险、众安在线等10家保险公司进行监管谈话，要求相关保险公司高度重视消费者权益保护工作，限时整改。""",
5/31/2018,【12家保险公司获得第一批税延养老保险业务经营资格】据悉，银保监会发布关于经营个人税收递延型商业养老保险业务保险公司名单（第一批）的公示。其中，共有12家保险公司符合经营要求。分别是：中国人寿、太平洋人寿、平安养老、新华人寿、太平养老、太平人寿、泰康养老、泰康人寿、阳光人寿、中信保诚、中意人寿、英大人寿。（21）,
5/27/2018,工业富联(601138)5月27日晚间披露IPO战略配售结果，上市公司中，东方明珠(600637)获配2178.6万股，股票锁定期36个月；中国人寿(601628)获配3409.4万股，50%锁定12个月，50%锁定18个月。,
5/21/2018,【茅台集团与中国人寿保险公司召开座谈会】21日上午，茅台集团与中国人寿保险集团公司在茅台集团会议室召开座谈会，就双方合作事宜进行商讨，双方表示，希望在时机成熟的条件下，签订有关未来长远发展实现优势互补的战略合作协议。茅台集团董事长李保芳指出，茅台的资金一直在健康运转，茅台集团财务公司和华贵人寿保险公司已经对茅台经济板块的发展形成了支撑，中国人寿保险公司有规模优势，可以将茅台视做一个重要的客户，突出战略，用长远的眼光来看待这次合作。,
5/15/2018,"【中金：MSCI纳A后 腾讯、阿里巴巴等海外中资股权重料下降最大】中金王汉锋等人称，此次A股纳入MSCI中国指数后，预计权重下降最大的海外中资股：腾讯控股、阿里巴巴、工商银行H股、百度、中国移动（香港）、中国平安H股、中国银行H股、中国恒大、中国海洋石油、中国石化H股、百盛中国、京东、中国人寿H股、网易、招商银行H股。腾讯权重预计将从纳A前的17.50%降至16.17%，下降1.33个百分点，预估资金流出11.3亿美元；阿里巴巴权重预计将从纳A前的13.21%降至12.24%，下降0.97个百分点，预估资金流出8.2亿美元。""",
5/14/2018,中国人寿：1-4月累计原保险保费收入约为人民币2759亿元。,
5/11/2018,"【中国人寿投入9440余万元专项扶贫】中国人寿近日发布的《2017年度企业社会责任报告》显示，截至2017年底，中国人寿通过责任险为社会提供风险保障14万亿元，为国家安全生产领域累计提供风险保障近2300亿元。在服务国家实体经济方面，中国人寿直接投资实体经济累计近7000亿元，投资基础设施建设累计超过3500亿元，投资一带一路”相关建设项目约700亿元。中国人寿累计完成980个专项扶贫项目，投入资金9440余万元。（中证报）""",
5/8/2018,8日早盘保险板块持续拉升，龙头中国太保大涨7%，新华保险涨4%，中国平安涨3%，中国人寿涨2%。,
5/4/2018,"【首季度7家险企拿走行业八成利润 马太效应显著】随着偿付能力报告陆续披露，寿险公司今年一季度的盈利情况也随之出炉。据统计，已披露相关数据的75家公司中，有46家一季度净利润为正，合计净利达589.2亿元；29家为负，合计亏损53.18亿元。引人注意的是，寿险公司盈利情况马太效应显著：平安人寿、中国人寿、泰康人寿、太平人寿、华夏人寿、太平洋人寿、新华保险这7家寿险公司一季度合计净利润达490.6亿元，占净利润为正险企的83%。（证券日报）""",
5/3/2018,"【香港恒生指数收盘跌1.3%报30313.37点，汽车、内房领跌】地产板块持续回调，华润置地跌4.5%，领跌蓝筹；万科企业收跌3.97%，中国恒大跌1.74%，融创中国跌3.29%，碧桂园跌3.29%。 中资保险股全面走弱，截至收盘，中国平安跌1.37%，中国太保跌0.44%，中国太平跌3.42%，中国人寿跌1.35%，新华保险跌0.69%。 汽车股集体走低，广汽集团收跌5.34%，领跌板块，北京汽车跌3.65%，长城汽车跌1.95%，比亚迪跌2.87%，华晨中国跌0.86%。""",
5/2/2018,今年一季度末，60家公司货币资金余额超过了100亿元，如格力电器货币资金余额就高达1038亿元，成为该项目下A股公司之最。中国石化、海通证券、上汽集团、中国神华、国泰君安、中信证券、中国人寿、广发证券、华泰证券货币资金余额都在500亿元以上。 （证券时报）,
4/27/2018,"【500万股中国人寿H股通过大宗交易溢价成交】今日9:58，中国人寿成交一笔500万股大宗交易，成交价格为每股21.80港元，较周四收盘价溢价约0.9%，成交总金额为1.09亿港元。""",
4/26/2018,"中国人寿：2018年一季度实现营业收入2648.92亿元，同比下降2.5%；受传统险准备金折现率假设更新的影响，实现净利润135.18亿元，同比增长119.8%。""",
4/26/2018,"中国人寿第一季度净利润135亿元人民币。""",
,,
4/24/2018,中国人寿集团与中国工商银行在北京签署全面合作协议。根据协议，双方未来将重点在雄安新区建设、走出去”、降杠杆”、投融资业务、产品销售业务、基础金融业务、年金基金业务、信息系统建设、大数据分析与挖掘、AI金融服务应用等领域开展多层次多领域全方位的合作。,
4/23/2018,【中国人寿与京东集团签订全面战略合作协议】中国人寿保险（集团）公司与京东集团在北京举行了战略合作协议签约仪式。根据协议，双方未来将重点在电子商务及互联网金融业务、产品开发及营销业务、数据及技术、企业金融业务等领域开展多层次全方位的战略合作。,
4/22/2018,"【国寿集团与京东签署战略合作协议】4月21日，中国人寿保险（集团）公司与京东集团在北京中国人寿中心举行了战略合作协议签约仪式。根据协议，双方未来将重点在电子商务及互联网金融业务、产品开发及营销业务、数据及技术、企业金融业务等领域开展多层次全方位的战略合作。（证券时报）""",
4/20/2018,中国人寿(601628)20日晚披露业绩预告，预计一季度净利润较上年同期增加约67.64亿元到79.94亿元，同比增加约110%到130%。业绩增长主要因公司传统险准备金折现率假设更新的影响。,
4/20/2018,"中国人寿预计2018年第一季度净利同比增约110-130%。""",
4/13/2018,"多家险企披露一季度保费收入：中国平安为2529.62亿元，中国人寿约为2434亿元，中国太保为1206.18亿元。""",
4/13/2018,中国平安1-3月寿险业务原保险合同保费收入1897亿元人民币;中国人寿1-3月原保险保费收入2434亿元人民币;中国太保1-3月寿险业务原保险保费收入893亿元人民币。,
,,
3/23/2018,中国人寿副总裁：A股市场有估值方面的机会。,
3/23/2018,中国人寿预计续期保费今年可能增加人民币约700亿元。,
,,
,,
3/18/2018,【中国人寿天津分公司拟斥19.12亿元收购天津物业】中国人寿宣布，于2018年3月18日，公司天津市分公司与天泰置业订立买卖合同，据此，公司天津市分公司同意向天泰置业购置该不动产，代价约为人民币19.12亿元。,
3/18/2018,中国人寿(02628.HK)宣布，于2018年3月18日，公司天津市分公司与天泰置业订立买卖合同，据此，公司天津市分公司同意向天泰置业购置该不动产，代价约为人民币19.12亿元。公司天津市分公司拟将该不动产部分作为其营业办公用房，部分用于出租。财产险公司天津市分公司将就其不动产购置另行与天泰置业签署协议。,
,,
3/12/2018,中国人寿在港交所公告，子公司将斥资16.4亿元人民币购买广州地块。,
3/12/2018,【连续四月超国寿 平安寿险1月规模保费居寿险业之首】保监会近日公布的2018年1月保费数据显示，平安寿险规模保费超过中国人寿，成为行业第一。不过此次的反超”是否能保持到年末，还有待观察。（证券时报）,
3/6/2018,"【中国人寿杨明生：要与百度加强合作，争取科技金融有新发展】全国政协委员、中国人寿董事长杨明生6日在政协经济界别小组讨论上表示：未来，中国人寿要坚持高科技引领，扩大普惠金融业务，要与百度加强合作，在科技金融方面争取有新发展。”他还表示：下一步，我们要重点围绕服务实体经济开展金融创新。”一旁的李彦宏微笑点头。（上证）""",
,,
2/26/2018,中船防务：拟向新华保险、中国人寿、太保财险等9名交易对方发行股份购买广船国际23.58%股权和黄埔文冲30.98%股权，标的资产预估值为48亿元。,
,,
2/14/2018,京东宣布旗下京东物流完成具有约束力的最终增资协议。此次融资的主要投资方包括高瓴资本、红杉中国、招商局集团、腾讯、中国人寿、国开母基金、国调基金、工银国际等多家机构。根据最终协议，此轮融资总额约为25亿美元。交易完成后，京东集团仍将持有京东物流81.4%的股权。依照惯例成交条件，此次融资预计在2018年一季度末完成。,
2/13/2018,【保险板块早盘全线走强 中国太保涨逾5%】截至发稿，西水股份涨6.51%，中国太保涨5.56%，中国平安涨4.53%，天茂集团、新华保险、中国人寿纷纷上涨。,
,,
2/9/2018,【中字头板块沦陷 中国太保等22股跌逾6%】两市低开沪指持续跳水逼近3000点，中字头概念全部沦陷，其中中国太保跌停，中国中铁、中煤能源、中国神华、中国人寿、中国平安、中国交建等跌9%。中国铁建、中国石化、中国重汽、中国银河等跌幅靠前。,
,,
2/8/2018,【权重股走低拖累沪指反弹 中国石化一度大跌逾5%】中国石化现跌4.76%，中国石油跌1.63%；金融股方面，中国人寿、中信银行跌逾4%，农业银行、交通银行、中国银行、招商银行大跌逾3%，工商银行跌逾2%。注：沪指现跌0.51%；深证成指涨1.55%；创业板指大涨1.80%。,
,,
,,
1/25/2018,【保险、银行概念早盘全线下挫 张家港行封跌停】A股市场保险、银行等金融股早盘全线下挫，截止发稿，张家港行再度封跌停，财通证券、东兴证券、中原证券、中国太保、中国人寿、中国平安均跌逾2%。,
1/23/2018,中国联通公告，公司董监事会拟提前进行换届，结合战略投资者情况等，引入新的国有股东和非国有股东代表担任公司董事或监事。候选名单显示，董事会中非独立董事共8名，其中联通背景董事3席，含现董事长王晓初等3人；非联通背景董事5席，包括中国人寿副总裁尹兆君、腾讯高级执行副总裁卢山、百度董事长兼首席执行官李彦宏、京东集团首席战略官廖建文、阿里巴巴资深副总裁胡晓明。,
,,
1/23/2018,【保险股集体大涨 中国平安涨超2%再创历史新高】保险股今日集体走强，中国平安涨超2%，盘中股价突破81元再创历史新高。新华保险、中国太保涨超2%，中国人寿、天茂集团、西水股份等涨超1%。,
1/22/2018,【中国人寿因违反反洗钱法规定 被央行重庆罚款23万元】中国人民银行重庆营业管理部发出9张罚单，中国人寿[股评]重庆分公司领到了2罚单，共计被罚23万元。中国人寿保险有限公司重庆分公司因违反有关反洗钱规定的行为，央行重庆营管部根据《中华人民共和国反洗钱法》第三十二条规定，处以罚款22万元，并对1 名相关责任人员处以1万元罚款。,
1/22/2018,"【国家队基金”前十大重仓股四季度大幅调仓】目前5只国家队基金”已有4只披露2017年四季报，均选择较低仓位运行，权益投资占比均未超过25%。重仓股中，银行股变化最为明显，多家银行股被国家队基金”抛出前十大；其次是保险和医药，如新华保险、中国人寿、恒瑞医药、中国医药等；一些蓝筹个股如格力电器、伊利股份也遭到减持。南方消费活力仍持有贵州茅台，但持股数有所下降。（每经）""",
,,
1/16/2018,【香港恒生指数迈向历史收盘新高 恒生国企指数升至逾两年高位 中国平安等金融股贡献最大】恒生国企指数上涨2.2%，创两周来最大涨幅，升至2015年7月以来的高位。对恒生国企指数贡献最大的个股：中国平安上涨2.4%，工商银行上涨2.9%，中国银行上涨2.7%，建设银行上涨3.1%，中国人寿上涨2%。恒生指数上涨1.4%，迈向历史收盘新高。恒生综指上涨1.5%，迈向2007年11月以来的收盘高点。,
